1,Ricardo del Corazon Grau-Abalo,16771,Universidad Central Marta Abreu de la Villas
2,mpelketh,17015,Universidad de Granada
4,Erika Abraham,-64,Rheinisch Westfalische Technische Hochschule Aachen
5,Bernardo M. Abrego,6627,California State University Northridge
8,Gergely Acs,21395,xuqkhflm
10,oaspccxp,1599,University of Helsinki
12,Norbert Adam,-211,Technical University of Kosice
17,Csilla Agoston,7429,pvdjnzxh
20,umgfkypd,2249,Hungarian Academy of Sciences
23,Hugo Aguas,3666,dzxdlked
27,pzevoeih,16585,Universidad de Almería
31,Jose M. del Alamo,-377,Universidad Politécnica de Madrid
32,lyxqqczm,10102,Iowa State University
33,Juan C. del Alamo,-127,Harvard University
43,uivvazof,2901,Universidad del País Vasco
46,Alejandro Alvarez,18256,Universidad Politécnica de Cartagena
47,Alexander Martinez Alvarez,16839,Universidade da Coruña
48,Alfredo Alvarez,17395,haxarhws
49,Anna V. Alvarez,20384,Tecnológico de Monterrey
52,Barbara Alvarez,18256,Universidad Politécnica de Cartagena
55,Benjamin Ramos,16676,gnaeilpl
57,Carlos Alvarez,9014,nnwhmaop
61,Daniel Horfan Alvarez,18397,qqrjvggb
62,Dario Alvarez Gutierrez,16790,tqyyffqg
63,David Alvarez,2845,gsyriqmb
66,rqzbxhqq,18625,Universidad del Valle de Guatemala
67,Elena Alvarez,-170,Universidad de Cantabria
68,qbayexcc,17015,Universidad de Granada
72,Fernando-Luis Alvarez,16573,rwptrvhj
74,aojstpue,17395,Universidad de Extremadura
76,Francisco J. Alvarez,18555,yxynoqgp
78,Gonzalo Alvarez,5910,qdxuthof
79,Hector Alvarez,-352,Universidad de Chile
80,Helmut Leighton Alvarez,18379,rrjpgwha
82,Hugo Alvarez,2838,Centro de Estudios e Investigaciones Técnicas de Guipúzcoa
85,Irina Arguelles Alvarez,16353,odpszkqz
86,Isaac Alvarez,17015,tnluwmew
87,Isabel Alvarez,16776,Universidad Complutense de Madrid
88,Isabel Gallego Alvarez,18379,Universidad de Salamanca
89,Ivan Alvarez,18379,Universidad de Salamanca
91,J. Andres Alvarez,313,tndjasfu
93,J. N. Alonso Alvarez,18630,Universidade de Vigo
95,Jacobo de Una Alvarez,-282,Universidade de Vigo
97,Jorge Alvarez,18561,University of Texas Austin
99,Jose Ambrosio Toval Alvarez,-185,Universidad de Cantabria
100,Jose Antonio Alvarez,16585,kjhgtqia
101,vpowgwmx,16585,Universidad de Almería
103,ffjoxfbx,17036,Universidad de Huelva
104,Jose M. Alvarez,17182,loormonh
105,Jose Manuel Alvarez,20637,zuwzbfro
107,Jose R. Alvarez,17365,zkvjhouz
109,Juan Antonio Alvarez,23043,University of Seville
111,iqhchdgn,20385,Universidad de Guadalajara
115,Luis Alvarez,-258,Universidad de Las Palmas de Gran Canaria
117,Luis A. Alvarez,17148,uqjaqtir
118,Luis Alvarez Sabucedo,18630,ldlzamzm
125,Manuel Rodriguez Alvarez,18393,Universidad Simón Bolívar Venezuela
126,Maria Jesus Alvarez,96,krstguil
133,Mariela L. Alvarez,-348,Universitat d'Alacant
135,Mauricio A. Alvarez,12311,University of Manchester
137,Miguel Fernandez Alvarez,17015,wzlreiah
139,Miguel Rodriguez Alvarez,18406,Universidade de Santiago de Compostela
141,Nancy A. Alvarez,18379,Universidad de Salamanca
142,Oscar Alvarez,-308,Pontificia Universidad Javeriana
143,P. J. Alvarez,2931,brmfndvz
147,Pedro Alvarez,-290,Universidad de Zaragoza
149,Raul Alvarez,-271,Universidad de Granma
150,oobyzuip,16545,Universitat d'Alacant
152,Raziel Alvarez,20384,xwfeuvex
153,Rodrigo Alvarez,18630,Universidade de Vigo
156,Susana Alvarez,2814,Universidad Autónoma de Madrid
158,Victor Alvarez,18406,ahpbyauf
159,Victoria Pachon,17036,Universidad de Huelva
160,Victor M. Alvarez,20381,nuwqloaw
161,P. J. Alvarez-Aranega,17015,Universidad de Granada
162,Angel Alvarez-Arenal,17737,Universidad de Oviedo
165,Josue Alvarez-Borrego,-364,Universidad Autónoma de Baja California
166,German Alvarez-Botero,316,Instituto Nacional de Astrofísica Óptica y Electrónica
167,Jose Vicente Alvarez-Bravo,2425,zmjoeyrr
173,Marcos Alvarez-Diaz,18630,Universidade de Vigo
175,J. A. Alvarez-Dios,18406,vjgvjfrl
176,Diego Alvarez-Estevez,16839,xzituxtd
177,Pedro C. Alvarez-Esteban,2425,Universidad de Valladolid
182,dbyamwzg,16776,Universidad Complutense de Madrid
190,Luis Alvarez-Leon,17148,lsaylomn
191,wtyqcrno,18256,Universidad Politécnica de Cartagena
196,Mikel Alvarez-Mozos,-127,Universidade de Santiago de Compostela
197,Denis R. Alvarez-Nadiozhin,309,qigmheoh
198,Sergio Alvarez-Napagao,18249,exscjbpt
199,wqoubvlm,17015,Universidad de Granada
204,Jose Alvarez-Ramirez,20386,wxslkyoz
206,Jose Antonio Alvarez-Robles,-256,Universidad de Zaragoza
208,ipfhneol,2425,Universidad de Valladolid
210,Victor Alvarez-Valado,18630,qxugdpjw
211,Francisco Alvarez-Vaquero,-15,Universidad Politécnica de Madrid
212,Antonio Alvarez-Vellisco,16353,dxggnblq
213,Arturo Ernesto Alvarez-Vigil,17737,Universidad de Oviedo
218,Guillermo Alvaro,16970,Universidade Federal de Pelotas
219,Isabel Navazo,18249,Universitat Politècnica de Catalunya
220,Jose Antonio Heredia,17092,Universitat Jaume I
224,Javier Alvez,16776,Universidad Complutense de Madrid
225,Luis Angel,18246,Universidad Pontificia Bolívariana
226,Pedro L. del Angel,335,Instituto Mexicano del Petróleo
229,Francisco Angel-Bello,20384,Tecnológico de Monterrey
243,rzwrjooi,14736,Reykjavik University
244,rfowhatv,14736,Reykjavik University
246,M. Clementina Avalos,20381,bxdwyrvi
250,Ana Maria Heuminski de Avila,-92,Universidade Estadual de Campinas
251,xlivkiob,16979,Universidad de la Frontera
253,Braulio Coelho Avila,-341,Pontificia Universidade Católica do Paraná
254,Bruno Tenorio Avila,-154,Pontificia Universidade Católica do Rio de Janeiro
256,Carmen Sanchez Avila,16353,Universidad Politécnica de Madrid
264,Gonzalo M. Ramirez Avila,9979,Humboldt University of Berlin
266,Ismael M. A. Avila,-80,Centro de Pesquisa e Desenvolvimento em Telecomunicações
272,Lourdes Garcia Avila,-294,Universidad Politécnica de Madrid
274,Maria Mar Avila,17395,Universidad de Extremadura
275,juwkkvqm,8168,Faculdade de Ensino Superior Santa Bárbara
277,Paulo Muniz de Avila,16985,Universidade Federal de São Carlos
279,Rafael Bohrer Avila,17840,Universidade do Vale do Rio Dos Sinos
281,Sonia da Silva Avila,16977,zaokejtt
283,Sonia Lizzeth Delfin Avila,7275,iwxunwoz
285,Ricardo Avila-Arguelles,20388,Instituto Politécnico Nacional
287,Alejandro Avila-Garcia,-377,Centro de Investigación y de Estudios Avanzados
298,xlklkqah,13684,Obafemi Awolowo University
300,Carme Alvarez,18249,gvndgyvu
302,Daniel Aberg,12708,mzmphrwj
304,Helena Aberg,9277,University of Gothenburg
305,Jan Aberg,11778,Royal Institute of Technology
306,vedpoues,3268,Swiss Federal Institute of Technology Zurich
307,Karolina Aberg,737,University of Pittsburgh
308,omvshyll,9277,University of Gothenburg
309,Markku Aberg,1586,Technical Research Centre of Finland
314,Carl Aborg,-279,Uppsala University
316,Kerstin Adahl,-164,Blekinge Institute of Technology
318,Par J. Agerfalk,-366,Uppsala University
319,ozpjpfsn,2450,University of Bergen
323,Magnus Rattfeldt,-386,Swedish Institute of Computer Science
324,qgxaovuo,12197,Lund University Lund Institute of Technology
325,twdmffnn,2943,Uppsala University
327,Per-Olof Agren,17279,hqcphzhy
328,hcwokmex,2943,Uppsala University
330,Julia Ahlen,2943,Uppsala University
332,Anders Ahlander,9666,Halmstad University
333,qjxichaa,2943,Uppsala University
334,amhtgnce,1599,University of Helsinki
335,hxizkclf,2969,Linköping University
336,Rose-Marie Ahlfeldt,-100,University of Skovde
337,Andreas Ahlund,-393,Umea University
338,Christer Ahlund,3453,Lulea University of Technology
339,Asa Ahman,2943,ayvvcjym
340,Fredrik Ahman,2935,auciilka
348,Orjan Akerborg,2747,jyiwdqrn
349,Mikael Akerholm,20651,ABB
350,Arto Akerlund,-104,University of Helsinki
351,Jons Akerlund,2943,ypfvtowq
352,Oskar Akerlund,20345,yegbzgzl
353,njbijlsh,2969,Linköping University
356,Panu M. Akerman,700,ksnqycej
357,Torbjorn Akerstedt,2747,rybxrgad
361,Bernt M. Akesson,1557,eyogrsgl
363,Henrik Akesson,-26,Blekinge Institute of Technology
365,Johan Akesson,12203,Lund University
366,Karl-Petter Akesson,2935,fquqzker
368,spcfsznn,6059,Chalmers University of Technology
370,horberkx,9666,Halmstad University
371,Anders Alund,9277,tgctvfyx
376,Rafael Aman,12224,Lappeenranta University of Technology
379,Johan Aqvist,2943,dtpnfryb
380,Lennart Aqvist,-264,Uppsala University
382,Peter Arhem,3565,Karolinska Institute
383,Andre Arnes,-69,Gjovik University College
384,Eirik Arsand,18104,cnekrbvw
385,Karl-Erik Arzen,-111,Lund University
386,Hege-Rene Hansen Asand,2460,zokrhapd
388,Mikael Asberg,12459,mmqpksfx
392,Jan Aslund,2969,Linköping University
395,Anders Astrom,2969,bnuewxfk
396,Emil Astrom,-127,Swedish Institute of Computer Science
397,Freddie Astrom,2969,Linköping University
398,acxtxqsa,16426,University of Tsukuba
399,J. A. Astrom,-108,Aalto University
400,khhuqnzn,12197,Lund University Lund Institute of Technology
402,Kalle Astrom,-48,Lund University
403,Karl Johan Astrom,12197,Lund University Lund Institute of Technology
408,Pontus Astrom,12197,Lund University Lund Institute of Technology
409,Tobias Astrom,-342,Linköping University
411,Bjorn Astrand,9666,Halmstad University
413,Magnus Astrand,6059,Chalmers University of Technology
414,Matti Astrand,1599,ibcbegre
416,Per-Olof Astrand,-118,Technical University of Denmark
417,Jussi Aijanen,11279,Jyväskylä University
419,Tarmo Aijo,16509,Tampere University of Technology
424,Jakob Angeby,-240,Chalmers University of Technology
425,Jussi Angesleva,21890,Ireland Media Lab Europe
429,Johanna Arje,11279,fgavmnnr
430,kuxlvbxo,9746,Jonkoping University
431,ivfcwfju,11279,Jyväskylä University
434,Satinder P. Singh,17233,qekhvicy
438,Arzu Coltekin,18675,sjcksxle
446,Baran Curuklu,12459,Malardalen University
448,Nail Cadalli,687,pyqgdrbc
449,Isik Cadirci,-167,Hacettepe University
451,Dilek Cadirli,13300,Nigde University
452,Volkan Cagdas,-314,Yildiz Technical University
453,Gultekin Cagil,-141,Sakarya University
454,ttcbxfdx,12560,Middle East Technical University
455,Nergiz Ercil Cagiltay,4849,adfsoezj
456,Tahir Cagin,657,pbkxydvh
458,rsjwlfgi,4004,Suleyman Demirel University
460,Mine Caglar,-138,Koc University
461,Murat Caglar,4835,Ataturk University
462,Bora Caglayan,5403,Bogazici University
464,M. Ufuk Caglayan,5403,urgiwliq
466,mebquanc,5403,Bogazici University
469,Naim Cagman,9197,wgawccar
471,zndwixdh,10870,Istanbul University
472,Celal Cakan,10595,Inonu University Malatya
473,Metin Cakanyildirim,18543,University of Texas Dallas
476,Emre Cakar,17605,University of Hannover
480,Tarik Cakar,14815,Sakarya University
486,Ahmet Cakir,6938,Dokuz Eylul University
488,Bekir Cakir,5297,Bilkent University
489,Fatih Cakir,3592,fqnzbgjx
491,Huseyin Cakir,11047,rajfbtgs
493,Murat Perit Cakir,12560,Middle East Technical University
494,Musa Cakir,19559,nzbsjfsb
495,Mustafa Cakir,11668,zzboulmm
497,zklmhily,4610,Ankara University
498,Sen Cakir,6938,oriqovnx
499,bywokwdf,13717,Eskisehir Osmangazi University
504,Ibrahim Cakirlar,7367,ngxnlfjq
505,Unal Cakiroglu,-143,Karadeniz Technical University
506,disdaocq,14815,Sakarya University
512,Devrim Cakmak,-76,Gazi University
513,Duygu Cakmak,14778,gqmqqvdg
514,abhxprrh,4578,Anatolia College
515,Fevzi Cakmak,16469,dovlmetg
517,Huseyin Kemal Cakmak,2039,oqevjosu
518,lyodiolw,9014,Georgia Institute of Technology
520,qzmanhvf,9370,Hacettepe University
521,Ulas Cakmak,9014,Georgia Institute of Technology
522,Mehmet Cakmakci,19481,Yildiz Technical University
524,Ferhat Cakrak,737,hqynlkdn
527,Ali Calhan,11668,ahfavwud
528,Cagdas Calik,12560,wudonznm
531,exstbkiz,8687,Firat University
532,Gul Calikli,5403,ozjlovhf
533,Handan Calikli,5403,ssiutdyr
536,Duygu Calisir,10870,Istanbul University
537,Cenk Caliskan,18641,hpdgvukj
538,egsoqodr,9670,Turkish Air Force Academy
540,Mehmet Caliskan,14815,bvkhrfvx
542,Berk Calli,-128,Delft University of Technology
544,Hasan Cam,-232,Arizona State University
545,Ugur Cam,6938,Dokuz Eylul University
546,M. Kanat Camlibel,-286,University of Groningen
548,zuoxjube,661,University of California Santa Barbara
549,Seyit Ahmet Camtepe,21014,DAI-Labor Ernst-Reuter-Platz
550,A. Yilmaz Camurcu,12351,Marmara University
552,Ibrahim Canak,7367,pcjcjwjr
553,Hanifi Canakci,-282,University of Gaziantep
554,Ethem Canakoglu,1551,govmhqjk
556,I. Cankaya,-303,Sakarya University
560,Abdulkerim Capar,10943,Istanbul Technical University
563,Ismail Capar,-230,Texas A&M University
564,Tolga K. Capin,-8,Bilkent University
566,Abdurrahman Carkacioglu,12560,Middle East Technical University
567,Kenan Carki,-301,Carnegie Mellon University
570,Cagatay Catal,3029,eakjrkda
571,Seval Catal,6938,yrvagsqh
572,crnrsxii,16460,Technical University of Braunschweig
573,Zehra Cataltepe,10943,Istanbul Technical University
574,Umit V. Catalyurek,13832,Ohio State University
575,Bulent Catay,-377,Sabanci University
576,Burak Catli,14697,Rensselaer Polytechnic Institute
580,Derya Cavdar,-162,Bogazici University
583,ssbeeeht,14286,Pennsylvania State University
584,Ozge Cavus,-355,Bilkent University
587,Metin Cavus,19481,bewvncap
589,uicmwqij,9370,Hacettepe University
590,Abdullah Cavusoglu,11334,Karabük University
595,Ulas Caydas,8687,ghjioypd
598,Yalcin Cebi,6938,Dokuz Eylul University
601,Celal Ceken,11668,llthysuv
604,Yalcin Cekic,5000,University of Bahcesehir
606,Erdinc Cekli,10870,dcelilhp
607,Bora Cekyay,1551,igbqqzld
608,jspzenvd,7742,Groupe Esiee Paris École Supérieure d'Ingénieurs
609,Eranda Cela,-54,Graz University of Technology
614,bdhuzxux,19465,Yeditepe University
616,Anil Celebi,-331,Kocaeli University
619,Dilay Celebi,10943,eeienizf
622,srgjspbr,14815,Sakarya University
623,Gurbuz Celebi,7367,hnujbxyi
625,Mehmet E. Celebi,-263,Istanbul Technical University
626,fngcwlgo,10943,Istanbul Technical University
627,Numan Celebi,10870,Istanbul University
629,Samel Celebi,16955,bvakjspi
640,Adem Celik,-299,Dokuz Eylul University
641,Ahmet Celik,-295,Dicle University
643,qxleyhnq,14778,Sabanci University
647,Cenk Celik,11668,Kocaeli University
649,Duygu Celik,20403,Eastern Mediterranean University
650,Ercan Celik,4835,crjtccng
651,loyqyisf,5297,Bilkent University
652,Guner D. Celik,568,Massachusetts Institute of Technology
655,Haldun Celik,6938,jcmswzdu
657,Ibrahim Celik,13920,mpqobbnp
658,Koray Celik,10102,Iowa State University
659,zvkhqjzv,15085,Selcuk University
660,Pinar Celik,5105,exagvrxb
662,Sabri Celik,6375,Columbia University
666,Turgay Celik,-292,Agency for Science Technology and Research Singapore
669,Veli Celik,11596,txofkfxw
672,Zeynep Celik-Butler,18528,University of Texas Arlington
673,buplrbek,12560,Middle East Technical University
674,Y. Firat Celikler,7300,wqmymvqz
677,Oya Celiktutan,5403,vjzwilza
678,bmteovfy,20355,Microsoft
680,Emrah Cem,-98,Koc University
682,pgvptqop,15085,Selcuk University
684,Salih Cepni,-62,Karadeniz Technical University
687,Erdogan Cesmeli,13832,jregwqtp
690,Omer Cetin,10870,Istanbul University
691,Ovunc Cetin,7367,fhwuwfgz
692,Ozdemir Cetin,14815,orwkrclx
693,Ozgur Cetin,-398,University of California Berkeley
694,A. Enis Cetin,5297,msthsekt
695,Atilim Cetin,5297,ngogevua
698,Bilge Kartal Cetin,4117,Aalborg University
699,Ediz Cetin,18161,University of New South Wales
702,Eyup Cetin,10870,fvkszuqa
703,Gorkem Cetin,9344,Gebze Institute of Technology
706,Levent Cetin,-355,Akdeniz University
707,Mujdat Cetin,14778,Sabanci University
709,bpbmzgjm,9370,Hacettepe University
710,Murat Cetin,7616,Erzincan University
713,Nihan Cetin Demirel,19481,ilmgmuhp
717,Yasemin Yardimci,12560,Middle East Technical University
718,Rengul Cetin-Atalay,5297,ykuegeiy
720,Gokcen Cetinel,14815,Sakarya University
722,Selim Cetiner,12560,wvlxdics
723,Hasan Ertan Cetingul,14253,mphzgded
727,Egemen K. Cetinkaya,1547,nddrzsoq
728,Hasan Basri Cetinkaya,11668,Kocaeli University
729,Nurettin Cetinkaya,15085,Selcuk University
730,Sevil Cetinkaya,12730,Mustafa Kemal University
731,Sila Cetinkaya,657,Texas A&M University
732,pydncyit,14778,Sabanci University
735,Ugur Cetintemel,5465,revvyzhe
736,Tahsin Cetinyokus,9023,rdgzbvdh
738,Erhan Kenan Ceven,17161,Uludag University
739,A. Alper Cevik,13717,Eskisehir Osmangazi University
740,A. Sinan Cevik,15085,mugilhww
741,Abdulkadir Cevik,9008,nnuegwta
746,Osman Cevik,9197,Gaziosmanpasa University
747,Sezi Cevik Onar,-262,Istanbul Technical University
748,Ulus Cevik,3592,qtrhkiwv
749,Vildan Cevik,9197,mrjfujvp
750,Mehmet Tolga Cezik,17258,ckcrxyrt
752,Adem Cicek,17481,riaedffi
759,Nihan Kesim Cicekli,12560,fnftbltq
761,Gizem Cifci,3501,nakdmgwq
763,Cebrail Ciflikli,7608,hckhilcv
764,Baris Ciftci,18638,ydaetiyy
766,Ozan Nazim Ciftci,-299,University of Gaziantep
773,Cagla Cig,2942,imfcwwvg
774,rnbxaqkp,12560,Middle East Technical University
777,Eren Basar Cil,-216,University of Oregon
782,Ugur Cilingiroglu,19465,wutnwcef
783,Tolga Ciloglu,12560,Middle East Technical University
784,Ali Ciltik,5403,Bogazici University
787,Hasan Cimen,4447,dsdhygbk
789,jdfcnxci,15196,University of Sheffield
790,Unver Cinar,14778,yejqbuji
792,Ahmet Cinar,8687,Firat University
793,Cengiz Cinar,15085,Selcuk University
794,arxpwhdg,10943,Istanbul Technical University
797,Hatice Cinar,5403,Bogazici University
798,Inan Cinar,15085,qxfadoww
799,M. Oya Cinar,5075,Baskent University
801,hqdczxpa,6927,Depaul University
805,Volkan Cinar,-139,Uludag University
806,Yuce Cinar,5297,Bilkent University
808,Hakan A. Cirpan,10943,qgduifna
811,exsqhnuy,20354,IBM
812,Pinar Civicioglu,-179,Erciyes University
813,elxkkxyr,14697,Rensselaer Polytechnic Institute
814,Buket Cizili,20403,fxsnssfu
818,Orhan Coban,-58,Erciyes University
819,Ozgur Cobanoglu,1581,European Organization for Nuclear Research CERN
821,xiakjgmy,2303,Istituto Nazionale di Fisica Nucleare
826,Dogan Coker,4434,Akdeniz University
827,Ahmet Naci Coklar,15085,pyqachkf
829,Omer Halil Colak,13717,Eskisehir Osmangazi University
830,Rifat Colak,8687,oaanclxt
833,lrmximkc,7367,Agean University
834,Cuneyt Colpan,-172,Erciyes University
835,Emre Comak,15085,qqchlwlo
837,Husamettin Coskun,-297,Inonu University Malatya
838,Aysegul Cuhadar,5675,eehohqph
839,Cem Cuhadar,16356,Trakya University
840,Tolga Cukur,566,pvhefleu
843,Mehmet Cunkas,15085,eclopmve
848,Zoltan Egel,3753,ouvgbjrp
851,Tamas Elteto,3261,hxbnkxkx
852,Marc Eluard,20593,pbfsuhof
856,Gilles Enee,9313,Université Antilles Guyane
857,usxbgdot,18329,Université du Quebec Montreal
858,Peter Erdi,11903,Kalamazoo College
859,Zoltan Esik,18521,University of Szeged
861,bbjhlzdy,18432,Université de Sherbrooke
862,Jean-Frederic Etienne,1799,Conservatoire National des Arts et Métiers
864,qjismrnm,14190,École Polytechnique de Montreal
865,Pierre Evenou,18024,University of Nantes
866,Guillaume Evin,237,Institut National de la Recherche Scientifique
873,Stevan R. Ðordevic,2737,vmejjkpq
875,akqkmisl,10527,Imperial College London
879,Aytac Ilhan,13881,University of Oxford
883,Iulian Intorsureanu,4772,tproyfrh
885,Venkata Reddy Muppani,10446,Indian Institute of Technology Bombay
888,Ricardo Nanculef,18563,Universidad Técnica Federico Santa María
890,Ramon P. Neco,17228,Universidad Miguel Hernández
894,Colm O'Dunlaing,471,New York University
896,Geza Odor,-248,Central Research Institute of Electrical Power Industry
899,Hildur Olafsdottir,1557,Technical University of Denmark
906,Sigurdur Olafsson,10102,azyearcd
915,Asmund Ødegard,2455,Simula Research Laboratory
917,Rune Steinsmo Ødegard,13557,arrgbhzg
923,zmsiyzvs,13557,Norwegian University of Science & Technology
926,Torvald Øgaard,17069,University of Stavanger
928,Leikny Øgrim,9711,tffeyvju
930,Peter Øhrstrøm,4117,hgrylmky
936,Geir E. Øien,13557,Norwegian University of Science & Technology
939,Tor Arne Øigard,17078,fumqjfat
940,Eivor Øines,-107,Norwegian University of Science & Technology
948,uuoehdng,20831,DNV Research
950,Peter Ørbæk,4867,Aarhus University
951,Kjetil Ørbekk,-244,Norwegian University of Science & Technology
954,Trond Are Øritsland,13557,tqincdsm
956,sqcaebzn,17069,University of Stavanger
957,Rikke Orngreen,7096,byglekfn
959,Torben F. Ørntoft,4867,Aarhus University
965,Arne Øslebø,-390,Sintef Foundation for Scientific and Industrial Research at the Norwegian Institute of Technology
967,Ivar Østby,17201,Norwegian University of Life Sciences
969,qfgfdydp,8903,Fudan University
970,Lene T. Østby,20754,N Clark St
982,inesgemw,4867,Aarhus University
983,Kasper Østerbye,-237,IT University of Copenhagen
988,Esben Hallundbæk Østergaard,4001,jxcvxbpf
989,Jacob Østergaard,1557,dmtdkdsh
990,Jan Østergaard,4117,udnnemcf
991,Lasse Riis Østergaard,-270,Aalborg University
992,Leif Østergaard,4867,ykokgoht
994,Thomas Østerlie,13557,ucwxfbmb
995,Carsten S. Østerlund,15979,Syracuse University
998,Egil C. Østhus,-399,Norwegian University of Science & Technology
1002,pkzfeldf,2442,Norwegian Computing Center
1003,Ingjald Øverbø,-227,Norwegian University of Science & Technology
1005,Harald Øverby,13557,jcdgnyoh
1006,bqppxpkx,13557,Norwegian University of Science & Technology
1009,Lasse Øverlier,9686,bvvjqtnq
1012,Lilja Øvrelid,-153,University of Oslo
1013,Bernt Olav Øvstebø,-322,Norwegian University of Science & Technology
1015,Knut Øvsthus,9679,Bergen University College
1020,mesqigdh,17201,Norwegian University of Life Sciences
1021,eotvarlb,2464,Norwegian Forest and Landscape Institute
1029,Anders Oberg,2943,Uppsala University
1030,ffkcqfmd,11778,Royal Institute of Technology
1035,Martin Oberg,17279,Umea University
1036,gvphihum,21466,Marvell Semiconductor
1037,Sven Oberg,3453,Lulea University of Technology
1041,Ahmet Ali Ocal,9023,Gazi University
1042,Ozkan Ocalan,4447,jbousdcc
1048,Cenker Oden,-364,Bogazici University
1050,Per Odling,12197,onzwdtlz
1051,Anders Odmark,2969,mxlndymo
1053,Hans Ofverbeck,12197,Lund University Lund Institute of Technology
1054,lutpmhye,10943,Istanbul Technical University
1056,Fatih Ogut,7367,Agean University
1057,Hulisi Ogut,7839,trhrhztg
1059,Ibrahim Ferid Oge,12560,kkzeorqp
1061,H. Ogmen,17020,sbwbuspz
1062,Haluk Ogmen,17020,wzywjogd
1065,M. Ogren,18327,University of Queensland
1067,qcmqcgsk,3565,Karolinska Institute
1068,Arif Selcuk Ogrenci,-46,Bogazici University
1070,llzisdkv,9746,Jonkoping University
1072,Martin Ohler,17623,Technical University of Kaiserslautern
1073,Philipp Ohler,20530,University of Paderborn
1079,Bengt Ohman,12197,Lund University Lund Institute of Technology
1081,Christina Ohman,17455,Università di Bologna
1085,Lars-Daniel Ohman,17279,snuannxp
1087,Marie Ohman,-49,Stockholm University
1088,tclhlyaz,4104,Aalto University
1089,muzzqtwl,6059,Chalmers University of Technology
1093,ysxofbni,9904,University of North Texas
1104,Gulay Oke,10943,kjsocimn
1105,teslvsbd,2172,Johann Wolfgang Goethe-University Frankfurt
1106,Andras Okros,3753,Budapest University of Technology and Economics
1107,Ozcan Oksuz,5297,Bilkent University
1111,Hakan Oksuzoglu,2942,eafxfrlx
1113,Hakan Oktem,12560,hbgonklv
1114,Levent Oktem,16509,ihfwicuq
1117,ooeeiwzn,5297,Bilkent University
1119,Giray Okten,-3,Florida State University
1120,Peter Okvist,3261,Ericsson
1121,A. I. Olcer,-176,World Maritime University
1124,xhphuqum,20354,IBM
1125,Semih M. Olcmen,16543,University of Alabama
1133,Sinem Olmez,19443,Yasar University
1134,Tamer Olmez,10943,ipeyncpj
1136,George Olund,3565,ptziunef
1138,hhdtiyqj,2969,Linköping University
1139,Peter Csaba Olveczky,-87,University of Oslo
1142,Christina Olvingson,2969,vtjumpoi
1143,Vasfi Emre Omurlu,19481,vzytqaxn
1147,Bernhard Omer,16513,bfwppsrh
1151,Semih Onut,19481,pxtctdze
1152,Cagdas D. Onal,568,yahsmhgi
1154,Ata Onal,7367,sqrmrlfz
1156,Hayri Onal,-265,University of Illinois Urbana Champaign
1159,Okan Onal,6938,Dokuz Eylul University
1162,Ahmet Oncu,1311,University of Tokyo
1165,Temel Oncan,3501,Galatasaray University
1166,Cetin Onder,5075,Baskent University
1168,Fatih Onder,-256,Dokuz Eylul University
1170,Kamil Onder,14127,Paracelsus Medizinischen Privatuniversität
1174,Soner Onder,12933,Michigan Technological University
1179,Erol Onen,10870,nayqbjuv
1180,xheksjxs,7866,EURECOM Ecole d’Ingénieurs et Centre de Recherche en Télécommunications
1183,tsibltcx,19443,Yasar University
1185,Ayse Ozturk Oner,7608,Erciyes University
1186,Diler Oner,5403,rynysojb
1187,Koray Oner,12146,nkcttyvg
1190,Menguc Oner,10822,Isik University
1192,Yuksel Oner,13771,Ondokuz Mayis University
1196,N. Ozben Onhon,14778,nrgeiukt
1197,Dilek Onkal-Atay,5297,lybwanht
1198,Guleda Onkal-Engin,9344,Gebze Institute of Technology
1205,Z. Ilsen Onsan,5403,zwtmqzau
1206,Jenny Onskog,-71,Umea University
1209,Ibrahim H. Onyuksel,13349,Northern Illinois University
1210,Andres Opik,-311,Tallin Technological University
1211,Gustav Oquist,3565,glewcesx
1215,Rafael Ordog,7429,Eotvos Lorand University (University of Budapest)
1218,Tuncer I. Oren,-54,University of Ottawa
1219,mydxfqwj,10943,Istanbul Technical University
1220,Cengiz Orencik,14778,Sabanci University
1221,H. Hasan Orkcu,9023,klamcmvu
1222,Mediha Orkcu,9023,aokyyrnj
1225,Hakan Orman,2969,Linköping University
1227,E. Lerzan Ormeci,-108,Koc University
1228,hbsuabiz,4610,Ankara University
1231,niqgxjqs,10968,Izmir University of Economics
1232,Siddika Berna Ors Yalcin,845,University of Arizona
1233,Tolga Ors,15837,jibxnhwv
1237,Birant Orten,5533,whvwsilo
1239,Roland Ortengren,6059,Chalmers University of Technology
1240,Urban Orthberg,2747,Stockholm University
1245,Lars-Goran Ost,2747,vojgdlqh
1250,Olov Ostberg,12708,Mid-Sweden University
1254,Jorgen Ostensson,2943,dwizqqek
1255,Anne-Marie Oster,20534,xlqmyero
1259,Mats Osterberg,4104,brpucfiu
1260,Patrik Osterberg,12708,Mid-Sweden University
1263,Patric R. J. Ostergard,4104,gbcffdmw
1264,L. Ostergaard,4867,zmmssfah
1265,Karin Ostergren,12203,Lund University
1268,Hubert Osterle,17831,ytdizfuz
1269,Fredrik Osterlind,-125,Swedish Institute of Computer Science
1274,Jonny Osterman,11778,Royal Institute of Technology
1275,hzmpalct,4140,Abo Akademi University
1282,hhfegpxa,10941,IT University of Copenhagen
1287,xzlgoswz,11778,Royal Institute of Technology
1291,Christian Ostlund,15430,Swedish University of Agricultural Sciences
1294,Johan Ostlund,2943,whyurcfq
1296,Nils Ostlund,17279,Umea University
1299,Fredrik Ostman,4140,jddvmezt
1300,Jenny Ostman,4140,arhecazn
1303,Ake Ostmark,3453,Lulea University of Technology
1306,Thomas Ostreicher,-78,Vienna University of Technology
1307,Gal Oestreicher-Singer,471,qubozviw
1309,Sven A. M. Ostring,3120,ihpxykff
1311,M. Volkan Otugen,14188,teracnfx
1313,ovxiemea,16759,University of California Irvine
1319,Ferenc Otvos,18521,University of Szeged
1321,Gunnar Overgaard,11778,ghaqudcz
1324,mivkrqrm,12203,Lund University
1327,H. R. Oz,8379,Fatih University
1331,Emin Ozcag,9370,tllkpasi
1333,K. Ozcaldiran,5403,Bogazici University
1334,Hasan Riza Ozcalik,11765,fdfyyygp
1335,Tanir Ozcelebi,4012,bmjstawc
1337,Babur Ozcelik,-11,Gebze Institute of Technology
1339,Erol Ozcelik,-257,Atilim University
1340,Ibrahim Ozcelik,14815,xgnxpekm
1341,kxuagzgn,6253,Clemson University
1346,Ayca Ozcelikkale,-342,Bilkent University
1348,Akin Ozcift,9008,University of Gaziantep
1349,malpramn,5000,University of Bahcesehir
1350,Ismail Hakki Ozolcer,11335,kptdtsgm
1353,Tugba Ozacar,7367,wjswzdbi
1354,Hakan Ozadam,12560,Middle East Technical University
1356,Arif Ozakca,20403,Eastern Mediterranean University
1358,Muzaffer Ozakca,9008,pgdxbbgy
1359,Hakan Ozaktas,20403,ojlszphu
1360,Haldun M. Ozaktas,-31,Bilkent University
1362,kwkyehbs,20706,Texas Instruments Inc.
1364,Mehmet Ozalp,-96,Batman University
1365,Nuri Ozalp,4610,Ankara University
1366,Selma Ayse Ozalp,17161,xikuzaal
1368,Mert Ozarar,-193,Middle East Technical University
1369,tdakbdef,351,National Institutes of Health United States
1371,zwxhgdxs,20403,Eastern Mediterranean University
1375,worskpie,14253,Princeton University
1377,qugaqhed,13856,University of Oklahoma
1380,Murad Ozaydm,13856,iykqtzdy
1381,Lale Ozbakir,-239,Erciyes University
1382,nbcxknto,12560,Middle East Technical University
1383,Ahmet Yasar Ozban,4849,Atilim University
1387,Bilge Ozbay,-63,Kocaeli University
1389,igiaouxb,5297,Bilkent University
1390,iwoqlgbv,9008,University of Gaziantep
1391,Erkut Yusuf Ozbay,710,tssqcpwy
1392,Hitay Ozbay,-198,Bilkent University
1393,Nuri Ozbay,-140,Anatolia College
1395,Yuksel Ozbay,-283,Selcuk University
1396,A. Murat Ozbayoglu,7839,cxadcvnx
1398,Mustafa Ozbayrak,10870,uziwdtmk
1400,Berna Ozbek,11047,pziytdif
1402,I. Yucel Ozbek,4835,bavxzcct
1404,Levent Ozbek,4610,Ankara University
1405,M. Erdal Ozbek,-289,Izmir University
1411,Nukhet Ozbek,-209,Yasar University
1412,Christopher Oezbek,2135,tevxwlxy
1414,spetqobc,4849,Atilim University
1415,Metin Mete Ozbilen,12535,rgccgzmu
1416,Hatice Ozbilge,7608,sifguofl
1418,Elif Kurtaran Ozbudak,3026,qqjfbalv
1419,Ferruh Ozbudak,12560,Middle East Technical University
1421,Ali Erdem Ozcan,-297,Anatolia College
1423,Alpay Ozcan,19321,Washington University in St. Louis
1425,Cengiz Ozcan,17605,uvdihrni
1428,Ender Ozcan,13484,njzuheok
1429,Erkcan Ozcan,-377,University College London
1430,Fatih Ozcan,13300,ibrqjmyb
1431,qszyornr,20354,IBM
1434,pptzuywn,14778,Sabanci University
1435,Mehmet B. Ozcan,15260,Sheffield Hallam University
1437,Meric Ozcan,14778,yhlaqshj
1440,Metehan Ozcan,14778,fxsdmocc
1442,Oguzhan Ozcan,1551,pjsmtusc
1444,Onur Ozcan,964,znxnqkkb
1446,Sadri Ozcan,10943,Istanbul Technical University
1447,tutpzlmr,19443,Yasar University
1450,Tuncay Ozcan,10870,vvxeicne
1451,sgyyskoj,15085,Selcuk University
1452,Mehmet Hilal Ozcanhan,-257,Dokuz Eylul University
1453,Ozge Can Ozcanli,5465,Brown University
1457,Ahmet Turan Ozcerit,14815,Sakarya University
1461,Guzin Ozdagoglu,6938,yqclgjjk
1462,Ozcan Ozdamar,12611,University of Miami
1463,Linet Ozdamar,19465,Yeditepe University
1464,hccylfbo,666,Virginia Polytechnic Institute and State University
1467,Ozcan Ozdemir,17161,sxlsighg
1468,Ozgur Ozdemir,19559,sbblmdva
1473,Ahmet Kemal Ozdemir,5297,Bilkent University
1474,Bahadir Ozdemir,5297,Bilkent University
1478,Deniz Ozdemir,6938,Dokuz Eylul University
1481,Engin Ozdemir,12730,ngzferih
1484,Hakan Ozdemir,6938,lswdmefr
1485,Halim Ozdemir,14815,Sakarya University
1488,Ismet Ozdemir,10595,Inonu University Malatya
1489,hbpdkwna,6840,Dalhousie University
1490,Kurtulus Ozdemir,15085,fjwjfolu
1491,M. Ozdemir,4434,Akdeniz University
1492,Mujgan Sagir Ozdemir,13717,szbbrqdo
1494,M. Emin Ozdemir,4835,bjspehac
1495,mhvddxsm,7608,Erciyes University
1497,Murat Ozdemir,4835,zbktlher
1499,Mustafa Bahadir Ozdemir,9023,kcskhuyx
1500,Mutlu Ozdemir,9344,Gebze Institute of Technology
1501,Necati Ozdemir,5014,Balikesir University
1502,otrwqetg,10464,Istanbul Kultur University
1507,Suat Ozdemir,9023,ovjuucnh
1511,Zafer D. Ozdemir,13881,gmfojpcm
1512,Fahrettin Ozdemirci,4610,zncaczfa
1514,Nur Evin Ozdemirel,-251,Middle East Technical University
1515,Banu Ozden,3249,Bell Labs (Lucent Technologies Inc.)
1517,ldzktmar,6938,Dokuz Eylul University
1518,Hacer Ozden,17161,Uludag University
1521,Nesrin Ozdener,12351,Marmara University
1522,A. Ozdes,10595,wellzefo
1523,Ozer Ozdikis,12560,Middle East Technical University
1524,Mehmet Ali Ozdil,12560,Middle East Technical University
1526,vvqenlhi,5658,Cankaya University
1532,Yvonne Hultman Ozek,12203,Lund University
1533,Suleyman Ozekici,1551,Koc University
1534,Bulent Ozel,5296,Istanbul Bilgi University
1537,Cengiz Ozel,4004,Suleyman Demirel University
1540,Mustafa Ozel,16468,xrzvdrmr
1541,Nevzat Ozel,-130,Ankara University
1542,Pinar Ozel,5403,Bogazici University
1543,Selma Ayse Ozel,6660,Cukurova University
1547,Ertunga C. Ozelkan,17334,University of North Carolina Charlotte
1549,Ali Ozen,7608,Erciyes University
1551,Figen Ozen,9390,thoqrtjn
1555,Mehmet Ozen,14815,Sakarya University
1557,Mustafa Ozan Ozen,6059,qgeanhoa
1558,Onur Ozen,7588,ohgiiwij
1559,Sukru Ozen,4434,Akdeniz University
1560,Serdar Ozen,6988,Dicle University
1562,Ulas Ozen,-13,Alcatel-Lucent Bell Labs
1565,skmxelye,6253,Clemson University
1566,Ozalp Ozer,18543,bwghdxnw
1567,A. Ozkan Ozer,10943,vfkfjyxw
1568,Abdullah Ozer,9259,Gyeongsang National University
1569,Ali Haydar Ozer,5403,krafmbvs
1570,Emre Ozer,3120,bkfvmmep
1572,Hamza Ozer,5403,wrelvjvv
1574,Mehmet Ozer,10464,mmnkepst
1575,Mehmet Naci Ozer,13717,jfqdlhzy
1578,Saadet Ozer,19465,Yeditepe University
1579,Sebnem Z. Ozer,13361,New Jersey Institute of Technology
1582,Sibel Ozer,-203,Inonu University Malatya
1583,klraydix,10943,Istanbul Technical University
1584,Zafer Ozer,12535,jqgsnixn
1585,zbclcfxl,6988,Dicle University
1586,Atilla Ozerdim,7367,Agean University
1588,Uygar Ozesmi,-217,Erciyes University
1589,M. Gokhan Ozevin,-41,Northwestern University
1590,hweedcei,5105,Celal Bayar University
1592,Tamay M. Ozgokmen,12611,University of Miami
1593,qfftukbe,6938,Dokuz Eylul University
1595,Bulent Ozguc,5297,Bilkent University
1596,Baris Ozgul,16063,vylskhvh
1598,A. Bulent Ozguler,5297,xynabgpq
1600,Numan Ozgun,18578,University of Texas Medical Branch Galveston
1602,Emre Ozgunduz,19481,Yildiz Technical University
1603,Umit Ozguner,-100,Ohio State University
1604,Fusun Ozguner,-301,Ohio State University
1605,Umit Ozgur,18706,iflgojdv
1606,Arzucan Ozgur,17233,University of Michigan
1607,Ayfer Ozgur,7588,xxuekbsk
1610,Levent Ozgur,5403,nkfomygn
1618,kncpaluw,7156,Duzce University
1619,pxnifkiy,19084,University of Wisconsin Madison
1621,Arif Tuna Ozgelen,-228,City University of New York
1622,Arzum Ozgen,13734,Okan University
1623,Canan Ozgen,12560,Middle East Technical University
1626,Mehmet Tankut Ozgen,4578,fziawpcx
1627,Mehmet Ozger,657,whmvfquz
1630,Attila Ozgit,12560,zrijydxl
1632,Erdal Ozhan,12560,odzvouwi
1633,Gokhan Ozhan,12560,Middle East Technical University
1635,Mesut Ozhan,16458,yycveuja
1638,Turgut Ozis,7367,uuzrwhgq
1639,Berkin Ozisikyilmaz,13470,dnakduuv
1641,Lale Ozkahya,10102,Iowa State University
1643,Burak Ozkalayci,12560,gopkefei
1644,Celal Ozkale,11668,gjxsvbub
1647,Ozgur Ozkan,14188,Polytechnic University of New York
1650,Oznur Ozkan,5075,Baskent University
1651,xtruhoow,15085,Selcuk University
1652,Baris Ozkan,12560,cpudrkzw
1653,Betul Ozkan,19481,jrswvsmo
1655,Coskun Ozkan,11668,qsmxmwcr
1656,Emre Ozkan,2969,duchcgsj
1661,Gulay Ozkan,4610,aqvdikhh
1664,H. Esra Ozkan,10464,Istanbul Kultur University
1665,Hanife Apaydin Ozkan,4578,ibhhltzz
1667,Kemal Ozkan,13717,axvhrizs
1668,usqnljob,12560,Middle East Technical University
1670,Mehmed Ozkan,5403,hkdshrav
1672,Mehmet K. Ozkan,-197,Koc University
1674,Ozan Ozkan,15085,Selcuk University
1676,Sevgi Ozkan,12560,ihoacgve
1677,Sibel Ozkan,-263,Michigan Technological University
1678,Umut Mutlu Ozkan,4447,Afyon Kocatepe University
1682,Mine Ozkar,12560,onsfmktc
1683,Huseyin Ozkaramanli,12560,qonjmbek
1684,fzmuvphk,1551,Koc University
1685,evhuegav,10943,Istanbul Technical University
1686,aaglsngd,3501,Galatasaray University
1688,Bestamin Ozkaya,16509,wvxictwa
1690,Necla Ozkaya,-152,Erciyes University
1693,Ali Gurcan Ozkil,1557,Technical University of Denmark
1696,Kerem Can Ozkisacik,5403,Bogazici University
1697,Arzu Ozkoc,17161,Uludag University
1698,ngjsdbjs,5403,Bogazici University
1700,Ibrahim Ozkol,10943,Istanbul Technical University
1702,Nezih Ergin Ozkucur,5403,tofvnhrk
1703,Eray Ozkural,5297,ptcevucu
1704,Ahmet Ozkurt,6938,Dokuz Eylul University
1705,Nalan Ozkurt,-317,Dokuz Eylul University
1706,Tolga Esat Ozkurt,12560,Middle East Technical University
1709,Ozgur Ozluk,15151,San Francisco State University
1711,Melih Ozlen,14641,RMIT University
1712,Muge Ozman,20676,mpcjkbdm
1716,Ahmet Ozmen,15085,Selcuk University
1722,zkdjntor,3592,Karadeniz Technical University
1724,rvidtltu,3592,Karadeniz Technical University
1729,Serdar Ozoguz,10943,Istanbul Technical University
1730,qubdssrd,10943,Istanbul Technical University
1732,Ozgur Ozpeynirci,10968,ohijkkhc
1733,Selin Ozpeynirci,10968,pvwkkfva
1737,Ebru Ozpolat,12560,otbocjpl
1740,M. Yasin Ozsaglam,15085,zhgieulf
1741,A. Tuncay Ozsahin,7608,aymycnbx
1743,Ozgur Ozsen,4578,nqbeyhcy
1745,Seral Ozsen,15085,cqfchsod
1746,gmhfxzwi,20354,IBM
1748,A. Sumru Ozsoy,-373,Bogazici University
1749,Can Ozsoy,10943,pmavhgvy
1750,mfvoiumu,17130,Université Libre de Bruxelles
1754,Gultekin Ozsoyoglu,5690,yiemxnmw
1755,Z. Meral Ozsoyoglu,-341,Case Western Reserve University
1756,owkjcfbg,9225,University of Waterloo
1757,glkvxdwe,5105,Celal Bayar University
1758,Ozgurol Ozturk,3501,vzcpnuhn
1759,Ozlem Ozturk,6938,xkfayehr
1760,Ahmet Ozturk,10943,oogdywei
1763,osvmqsrf,4752,Artvin Çoruh University
1764,Aydin Ozturk,9344,dmbftzqk
1767,Erdinc Ozturk,19154,efkfzgge
1769,Ertan Ozturk,-386,Zonguldak Karaelmas University
1772,Ferruh Ozturk,17161,Uludag University
1773,Fikri Ozturk,-92,Uludag University
1774,Gizem Ozturk,12560,Middle East Technical University
1779,Mahmut Ozturk,-159,Istanbul University
1781,Mehmet Ali Ozturk,-193,Cumhuriyet University
1783,Meltem Ozturk,1807,kjrrhusq
1784,Metin Ozturk,17161,fxkpyrxb
1786,Nursel Ozturk,17161,Uludag University
1789,Pinar Ozturk,13557,ginmlajl
1790,R. Elif Ozturk,-64,Selcuk University
1792,Semra Ozturk,11668,atjuukro
1793,Serdar Ozturk,11047,Izmir Institute of Technology
1794,fyefdhfc,7608,Erciyes University
1795,Sitki Ozturk,4610,Ankara University
1797,Veysi Ozturk,5452,ubjqvdpg
1799,wqkskmuz,11036,San Diego State University
1801,Can Ozturkeri,11450,kjrqcuuu
1804,Hakan Oztarak,21408,Defense Systems Technologies
1805,Ahmet Oztas,9008,University of Gaziantep
1807,Evren Oztas,10870,Istanbul University
1808,Basar Oztaysi,10943,silqnbhe
1811,Kaan Oztekin,12560,iocxypgh
1813,Ercan Oztemel,-310,Marmara Research Center
1815,Umut Oztok,14778,pxrqjswp
1816,otkngqol,1262,Advanced Telecommunications Research Institute International
1817,tevigbfd,8687,Firat University
1819,Figen Oztoprak,14778,Sabanci University
1820,Sibel Oztuna,-113,Agean University
1824,Can C. Ozturan,-261,Bogazici University
1825,Harun Ozturgut,-382,Hochschule Coburg
1826,Ozcan Ozturk,5297,Bilkent University
1830,Timucin Ozugur,9014,Georgia Institute of Technology
1831,Mustafa Ozuysal,-12,École Polytechnique Fédérale de Lausanne
1832,A. Ozvan,19559,University of Yuzuncu
1834,umbwtoqi,568,Massachusetts Institute of Technology
1838,Asli Ozyurek,14738,isdsymjd
1840,cqmzdfza,5658,Cankaya University
1841,Tansel Ozyer,7839,Tobb University of Economics and Technology
1842,Lale Ozyilmaz,-195,Yildiz Technical University
1843,tslxpzpu,3592,Karadeniz Technical University
1847,Ibrahim Burak Ozyurt,-253,University of California San Diego
1848,rqdchbsf,17728,Carl Von Ossietzky University of Oldenburg
1850,qezpjzmp,18543,University of Texas Dallas
1854,xwoatzyc,16088,Technion Israel Institute of Technology
1857,David Ubeda,-25,Universidad Miguel Hernández
1858,Manuel Ubeda-Flores,-262,Universidad de Almería
1860,qubbrbbj,14736,Reykjavik University
1863,Gokturk Ucoluk,12560,Middle East Technical University
1866,bprruphs,6201,City University London
1870,Christoph W. Ueberhuber,16513,Vienna University of Technology
1871,Karl Uberla,-243,Ludwig Maximilian University of Munich
1873,Falk Uebernickel,17831,Universität Saint Gallen
1875,Elif Derya Ubeyli,7839,Tobb University of Economics and Technology
1876,Mustafa Ubeyli,7839,ddbhqqml
1880,Burc Ulengin,-77,Istanbul Technical University
1881,Fusun Ulengin,7055,Dogus University
1883,tzvxcqsz,5403,Bogazici University
1884,Onur M. Ulgen,17233,University of Michigan
1894,uahzqwuj,13484,University of Nottingham
1896,Erkan Ulker,15085,qeuryzax
1897,Yener Ulker,10943,zryjzurm
1903,A. Tamer Unal,5403,yjjlaeam
1904,Adem Unal,19481,Yildiz Technical University
1905,Alitamer Unal,5403,vteixkly
1906,Aykut Unal,5297,Bilkent University
1908,bpyirtle,8379,Fatih University
1909,Basri Unal,4610,Ankara University
1910,Burhan Unal,7608,Erciyes University
1913,Erdem Unal,18400,ezajqlkm
1914,Gozde B. Unal,14778,nkwqqxje
1917,ohkfdvrp,4578,Anatolia College
1918,Mehmet Unal,19481,Yildiz Technical University
1923,Serap Unal,6660,Cukurova University
1925,V. U. Unal,19465,mmldeczq
1926,Yurdagul Unal,-126,Selcuk University
1928,Ozgur Unalan,17623,cnlxxhwi
1929,qztfudbh,7608,Erciyes University
1930,Murat Osman Unalir,7367,gmfpbtid
1931,Devrim Unay,-113,University of Bahcesehir
1934,Gokhan Unel,16759,kvzykefx
1935,Gulay Unel,1581,hlyimrum
1936,pmribwcc,10943,Istanbul Technical University
1939,ynuphsfj,14778,Sabanci University
1940,Alper Ungor,16955,iyowefry
1941,Abdulhakim Unlu,14778,Sabanci University
1942,Ali Unlu,-392,University of Central Florida
1943,Atilla Unlu,-377,Johann Wolfgang Goethe-University Frankfurt
1946,M. Selim Unlu,5533,Boston University
1948,Y. Unlu,6660,jlryhvsg
1949,Yasin Unlu,-282,University of Arkansas Fayetteville
1950,U. Unluakin,5403,Bogazici University
1953,Asli Unlusoy,2942,Utrecht University
1954,Tonguc Unluyurt,14778,jimudyjx
1957,Abdurrahman Unsal,7143,kredemat
1960,wcwzcfuz,964,Carnegie Mellon University
1961,Osman S. Unsal,2859,Barcelona Supercomputing Center Centro Nacional de Supercomputación
1962,Cem Unsalan,19465,Yeditepe University
1964,Hakki Ozgur Unver,-99,Tobb University of Economics and Technology
1968,Zafer Unver,12560,Middle East Technical University
1969,Ahmet Unveren,20403,mrwkkecw
1972,nvvwwhpb,1551,Koc University
1974,onjfgbgg,1692,UMR8022 Laboratoire d'Informatique Fondamentale de Lille
1976,smtdgxrr,15085,Selcuk University
1979,Suzan Uskudarli,2426,kvmdtgnp
1983,Seydi Vakkas Ustun,4243,ushwkclc
1985,Alp Ustundag,10943,nkcphopz
1991,ueehsdfl,212,McGill University
1992,Halit Uster,657,zsilxyow
1993,Ilker Ustoglu,19481,njliomae
1994,Bora Uzum,-162,Gebze Institute of Technology
1995,Mehmet Uzumcu,2390,Leiden University
2038,dgiqbrzp,3965,Universiti Teknologi Malaysia
2041,nloqgvdp,17629,University of Konstanz
2042,Sinan Can Acan,12560,Middle East Technical University
2043,Guray Acar,15837,University of Surrey
2045,Omer F. Acikel,13415,rjnlcfit
2047,Mehmet Acikgoz,9008,University of Gaziantep
2049,ukdxqxok,377,National Aeronautics and Space Administration United States
2050,Jesus Aisa,2931,Universidad de Zaragoza
2056,Marc Aid,1629,hwreyyyj
2061,Meziane Aider,18503,Université des Sciences et de la Technologie Houari Boumediene
2063,Christine Aidonidis,-303,Center of Information Technology
2065,Antoine Aiello,1963,Max Planck Gesellschaft
2066,Tahar Aifa,1932,fankqpeo
2067,Esma Aimeur,17258,kbtkqztf
2069,Sonia Aissa,236,abupjxrx
2070,Abdeldjalil Aissa-El-Bey,3259,vdfihqnz
2071,Amar Aissani,18062,lbexlypo
2072,Djamil Aissani,18062,ebwujooa
2075,Ali Ait-Bachir,-331,Institut Informatique et Mathématiques Appliquées de Grenoble
2076,Houria Ait-Djafer,9191,vkmwuhvi
2077,Hassan Ait-Kaci,15154,Simon Fraser University
2080,Idir Ait-Sadoune,7556,htotungk
2085,Ali Aitelhadj,18062,Université Abou Bekr Belkaid Tlemcen
2086,Abdelwahab Aitouche,-359,Hautes Études d'Ingénieurs
2091,Rowena Anonuevo,-66,Ohio State University
2094,Christian Aßmann,17438,University of Bamberg
2096,Claus Aßmann,2070,Physikalisch-Technische Bundesanstalt
2103,eywzqssz,3874,Dresden University of Technology
2112,L. T. J. van der Aa,16469,Delft University of Technology
2119,John Aach,-348,Harvard University
2120,ywidzzmi,11966,Lebanese American University
2122,Karthik V. Aadithya,566,jqblqfca
2123,Ivan Aaen,-374,Aalborg University
2128,Louise Aagaard,3285,Aarhus School of Architecture
2129,yizkoask,4117,Aalborg University
2131,Hans Aagard,14369,Purdue University
2133,Harald Aagedal,2039,Karlsruher Institute of Technology
2134,Finn Arve Aagesen,-275,Norwegian University of Science & Technology
2136,Mark Aakhus,-147,Rutgers The State University of New Jersey
2138,Agot Aakra,-173,Norwegian University of Life Sciences
2148,Robert J. Aalberts,18095,ngxlebko
2150,vrzpmegw,3264,Siemens
2151,Henri Aalders,11803,Catholic University of Leuven
2152,Maurice C. G. Aalders,-122,University of Amsterdam
2156,buaupmhy,17728,Carl Von Ossietzky University of Oldenburg
2157,V. Aalo,8385,haolpeho
2158,Mohammed Aalsalem,-349,Jazan University
2162,J. W. van Aalst,16469,kgfhtkhu
2165,Tapani Aaltio,4104,azwtuiij
2166,Aleksi Aalto,4104,ssgkicht
2167,Annikka Aalto,10498,Institute of Mathematics
2172,Lauri Aalto,13867,University of Oulu
2177,Timo Aalto,18530,gjpqvftr
2179,ckyqvfyc,18530,University of Tampere
2180,Aleksi Aaltonen,12174,skjyhoqn
2182,Iina Aaltonen,1586,Technical Research Centre of Finland
2184,Lasse Aaltonen,4104,dwbszvcf
2186,Olli Aaltonen,1599,University of Helsinki
2187,Timo Aaltonen,700,ejdqzxnu
2188,Sverre Aam,16754,University of Chicago
2189,Bahar Aameri,16371,dsojlbtt
2192,Ole Morten Aamo,13557,gzobxqen
1,Ricardo del Corazon Grau-Abalo,16771,Universidad Central Marta Abreu de la Villas
2,Nieves Abalos,17015,Universidad de Granada
4,Erika Abraham,14771,Rheinisch Westfalische Technische Hochschule Aachen
5,Bernardo M. Abrego,6627,California State University Northridge
8,Gergely Acs,21395,Laboratory of Cryptography and Systems Security
10,Sandor Acs,1599,University of Helsinki
12,Norbert Adam,16484,Technical University of Kosice
17,Csilla Agoston,7429,Eotvos Lorand University (University of Budapest)
20,Vilmos Agoston,2249,Hungarian Academy of Sciences
23,Hugo Aguas,3666,Universidade Nova de Lisboa
27,Isabel Maria del Aguila,16585,Universidad de Almería
31,Jose M. del Alamo,16353,Universidad Politécnica de Madrid
32,Jose M. Reyes Alamo,10102,Iowa State University
33,Juan C. del Alamo,446,Harvard University
43,Aitor Alvarez,2901,Universidad del País Vasco
46,Alejandro Alvarez,18256,Universidad Politécnica de Cartagena
47,Alexander Martinez Alvarez,16839,Universidade da Coruña
48,Alfredo Alvarez,17395,Universidad de Extremadura
49,Anna V. Alvarez,20384,Tecnológico de Monterrey
52,Barbara Alvarez,18256,Universidad Politécnica de Cartagena
55,Benjamin Ramos,16676,Universidad Carlos III de Madrid
57,Carlos Alvarez,9014,Georgia Institute of Technology
61,Daniel Horfan Alvarez,18397,Universidad de San Buenaventura Medellín
62,Dario Alvarez Gutierrez,16790,Universidad de Córdoba
63,David Alvarez,2845,Universitat de València
66,Eduardo J. Alvarez,18625,Universidad del Valle de Guatemala
67,Elena Alvarez,2877,Universidad de Cantabria
68,Encarnacion Alvarez,17015,Universidad de Granada
72,Fernando-Luis Alvarez,16573,Universidad de Alcalá
74,Fernando J. Alvarez,17395,Universidad de Extremadura
76,Francisco J. Alvarez,18555,University of Texas El Paso
78,Gonzalo Alvarez,5910,Centro Nacional de Investigación y Desarrollo Tecnológico
79,Hector Alvarez,16755,Universidad de Chile
80,Helmut Leighton Alvarez,18379,Universidad de Salamanca
82,Hugo Alvarez,2838,Centro de Estudios e Investigaciones Técnicas de Guipúzcoa
85,Irina Arguelles Alvarez,16353,Universidad Politécnica de Madrid
86,Isaac Alvarez,17015,Universidad de Granada
87,Isabel Alvarez,16776,Universidad Complutense de Madrid
88,Isabel Gallego Alvarez,18379,Universidad de Salamanca
89,Ivan Alvarez,18379,Universidad de Salamanca
91,J. Andres Alvarez,313,Centro de Investigación y de Estudios Avanzados
93,J. N. Alonso Alvarez,18630,Universidade de Vigo
95,Jacobo de Una Alvarez,18630,Universidade de Vigo
97,Jorge Alvarez,18561,University of Texas Austin
99,Jose Ambrosio Toval Alvarez,2877,Universidad de Cantabria
100,Jose Antonio Alvarez,16585,Universidad de Almería
101,Jose Domingo Alvarez,16585,Universidad de Almería
103,Jose Luis Alvarez,17036,Universidad de Huelva
104,Jose M. Alvarez,17182,Universidad de Málaga
105,Jose Manuel Alvarez,20637,Computer Vision Center
107,Jose R. Alvarez,17365,Universidad Nacional de Educación a Distancia
109,Juan Antonio Alvarez,23043,University of Seville
111,Juan Salvador Gomez Alvarez,20385,Universidad de Guadalajara
115,Luis Alvarez,17148,Universidad de Las Palmas de Gran Canaria
117,Luis A. Alvarez,17148,Universidad de Las Palmas de Gran Canaria
118,Luis Alvarez Sabucedo,18630,Universidade de Vigo
125,Manuel Rodriguez Alvarez,18393,Universidad Simón Bolívar Venezuela
126,Maria Jesus Alvarez,96,Instituto Nacional de Técnica Aeroespacial Esteban Terradas
133,Mariela L. Alvarez,16545,Universitat d'Alacant
135,Mauricio A. Alvarez,12311,University of Manchester
137,Miguel Fernandez Alvarez,17015,Universidad de Granada
139,Miguel Rodriguez Alvarez,18406,Universidade de Santiago de Compostela
141,Nancy A. Alvarez,18379,Universidad de Salamanca
142,Oscar Alvarez,3802,Pontificia Universidad Javeriana
143,P. J. Alvarez,2931,Universidad de Zaragoza
147,Pedro Alvarez,2931,Universidad de Zaragoza
149,Raul Alvarez,16860,Universidad de Granma
150,Rafael Alvarez,16545,Universitat d'Alacant
152,Raziel Alvarez,20384,Tecnológico de Monterrey
153,Rodrigo Alvarez,18630,Universidade de Vigo
156,Susana Alvarez,2814,Universidad Autónoma de Madrid
158,Victor Alvarez,18406,Universidade de Santiago de Compostela
159,Victoria Pachon,17036,Universidad de Huelva
160,Victor M. Alvarez,20381,Universidad National Autonoma de Mexico
161,P. J. Alvarez-Aranega,17015,Universidad de Granada
162,Angel Alvarez-Arenal,17737,Universidad de Oviedo
165,Josue Alvarez-Borrego,20393,Universidad Autónoma de Baja California
166,German Alvarez-Botero,316,Instituto Nacional de Astrofísica Óptica y Electrónica
167,Jose Vicente Alvarez-Bravo,2425,Universidad de Valladolid
173,Marcos Alvarez-Diaz,18630,Universidade de Vigo
175,J. A. Alvarez-Dios,18406,Universidade de Santiago de Compostela
176,Diego Alvarez-Estevez,16839,Universidade da Coruña
177,Pedro C. Alvarez-Esteban,2425,Universidad de Valladolid
182,Jose A. Alvarez-Gomez,16776,Universidad Complutense de Madrid
190,Luis Alvarez-Leon,17148,Universidad de Las Palmas de Gran Canaria
191,Alejandro Alvarez-Melcon,18256,Universidad Politécnica de Cartagena
196,Mikel Alvarez-Mozos,18406,Universidade de Santiago de Compostela
197,Denis R. Alvarez-Nadiozhin,309,Centro de Ingeniería Genética y Biotecnología
198,Sergio Alvarez-Napagao,18249,Universitat Politècnica de Catalunya
199,Renato Alvarez-Nodarse,17015,Universidad de Granada
204,Jose Alvarez-Ramirez,20386,Universidad Autónoma Metropolitana
206,Jose Antonio Alvarez-Robles,2931,Universidad de Zaragoza
208,J. J. Alvarez-Sanchez,2425,Universidad de Valladolid
210,Victor Alvarez-Valado,18630,Universidade de Vigo
211,Francisco Alvarez-Vaquero,16353,Universidad Politécnica de Madrid
212,Antonio Alvarez-Vellisco,16353,Universidad Politécnica de Madrid
213,Arturo Ernesto Alvarez-Vigil,17737,Universidad de Oviedo
218,Guillermo Alvaro,16970,Universidade Federal de Pelotas
219,Isabel Navazo,18249,Universitat Politècnica de Catalunya
220,Jose Antonio Heredia,17092,Universitat Jaume I
224,Javier Alvez,16776,Universidad Complutense de Madrid
225,Luis Angel,18246,Universidad Pontificia Bolívariana
226,Pedro L. del Angel,335,Instituto Mexicano del Petróleo
229,Francisco Angel-Bello,20384,Tecnológico de Monterrey
243,Eyjolfur Ingi Asgeirsson,14736,Reykjavik University
244,Friðrik Heiðar Asmundsson,14736,Reykjavik University
246,M. Clementina Avalos,20381,Universidad National Autonoma de Mexico
250,Ana Maria Heuminski de Avila,17481,Universidade Estadual de Campinas
251,Andres I. Avila,16979,Universidad de la Frontera
253,Braulio Coelho Avila,14350,Pontificia Universidade Católica do Paraná
254,Bruno Tenorio Avila,14352,Pontificia Universidade Católica do Rio de Janeiro
256,Carmen Sanchez Avila,16353,Universidad Politécnica de Madrid
264,Gonzalo M. Ramirez Avila,9979,Humboldt University of Berlin
266,Ismael M. A. Avila,167,Centro de Pesquisa e Desenvolvimento em Telecomunicações
272,Lourdes Garcia Avila,16353,Universidad Politécnica de Madrid
274,Maria Mar Avila,17395,Universidad de Extremadura
275,Marisela Gonzalez Avila,8168,Faculdade de Ensino Superior Santa Bárbara
277,Paulo Muniz de Avila,16985,Universidade Federal de São Carlos
279,Rafael Bohrer Avila,17840,Universidade do Vale do Rio Dos Sinos
281,Sonia da Silva Avila,16977,Universidade Federal do Rio de Janeiro
283,Sonia Lizzeth Delfin Avila,7275,École Centrale de Lyon
285,Ricardo Avila-Arguelles,20388,Instituto Politécnico Nacional
287,Alejandro Avila-Garcia,313,Centro de Investigación y de Estudios Avanzados
298,Lukman Adewale Akanbi,13684,Obafemi Awolowo University
300,Carme Alvarez,18249,Universitat Politècnica de Catalunya
302,Daniel Aberg,12708,Mid-Sweden University
304,Helena Aberg,9277,University of Gothenburg
305,Jan Aberg,11778,Royal Institute of Technology
306,Johan Aberg,3268,Swiss Federal Institute of Technology Zurich
307,Karolina Aberg,737,University of Pittsburgh
308,Malin Bjornsdotter,9277,University of Gothenburg
309,Markku Aberg,1586,Technical Research Centre of Finland
314,Carl Aborg,2943,Uppsala University
316,Kerstin Adahl,5522,Blekinge Institute of Technology
318,Par J. Agerfalk,2943,Uppsala University
319,Thomas Agotnes,2450,University of Bergen
323,Magnus Rattfeldt,2935,Swedish Institute of Computer Science
324,Martin Agren,12197,Lund University Lund Institute of Technology
325,Ola Agren,2943,Uppsala University
327,Per-Olof Agren,17279,Umea University
328,Per Ahgren,2943,Uppsala University
330,Julia Ahlen,2943,Uppsala University
332,Anders Ahlander,9666,Halmstad University
333,Krister Ahlander,2943,Uppsala University
334,Mauri Ahlberg,1599,University of Helsinki
335,Hans Ahlfeldt,2969,Linköping University
336,Rose-Marie Ahlfeldt,9722,University of Skovde
337,Andreas Ahlund,17279,Umea University
338,Christer Ahlund,3453,Lulea University of Technology
339,Asa Ahman,2943,Uppsala University
340,Fredrik Ahman,2935,Swedish Institute of Computer Science
348,Orjan Akerborg,2747,Stockholm University
349,Mikael Akerholm,20651,ABB
350,Arto Akerlund,1599,University of Helsinki
351,Jons Akerlund,2943,Uppsala University
352,Oskar Akerlund,20345,University of Massachusetts
353,Ove Akerlund,2969,Linköping University
356,Panu M. Akerman,700,Nokia Research Center
357,Torbjorn Akerstedt,2747,Stockholm University
361,Bernt M. Akesson,1557,Technical University of Denmark
363,Henrik Akesson,5522,Blekinge Institute of Technology
365,Johan Akesson,12203,Lund University
366,Karl-Petter Akesson,2935,Swedish Institute of Computer Science
368,Knut Akesson,6059,Chalmers University of Technology
370,Maria Akesson,9666,Halmstad University
371,Anders Alund,9277,University of Gothenburg
376,Rafael Aman,12224,Lappeenranta University of Technology
379,Johan Aqvist,2943,Uppsala University
380,Lennart Aqvist,2943,Uppsala University
382,Peter Arhem,3565,Karolinska Institute
383,Andre Arnes,9686,Gjovik University College
384,Eirik Arsand,18104,University Hospital of North Norway
385,Karl-Erik Arzen,12203,Lund University
386,Hege-Rene Hansen Asand,2460,University of Oslo
388,Mikael Asberg,12459,Malardalen University
392,Jan Aslund,2969,Linköping University
395,Anders Astrom,2969,Linköping University
396,Emil Astrom,2935,Swedish Institute of Computer Science
397,Freddie Astrom,2969,Linköping University
398,Fredrik Astrom,16426,University of Tsukuba
399,J. A. Astrom,4104,Aalto University
400,Jan Astrom,12197,Lund University Lund Institute of Technology
402,Kalle Astrom,12203,Lund University
403,Karl Johan Astrom,12197,Lund University Lund Institute of Technology
408,Pontus Astrom,12197,Lund University Lund Institute of Technology
409,Tobias Astrom,2969,Linköping University
411,Bjorn Astrand,9666,Halmstad University
413,Magnus Astrand,6059,Chalmers University of Technology
414,Matti Astrand,1599,University of Helsinki
416,Per-Olof Astrand,1557,Technical University of Denmark
417,Jussi Aijanen,11279,Jyväskylä University
419,Tarmo Aijo,16509,Tampere University of Technology
424,Jakob Angeby,6059,Chalmers University of Technology
425,Jussi Angesleva,21890,Ireland Media Lab Europe
429,Johanna Arje,11279,Jyväskylä University
430,Ulf Arlig,9746,Jonkoping University
431,Sami Ayramo,11279,Jyväskylä University
434,Satinder P. Singh,17233,University of Michigan
438,Arzu Coltekin,18675,Universität Zürich
446,Baran Curuklu,12459,Malardalen University
448,Nail Cadalli,687,University of Illinois Urbana Champaign
449,Isik Cadirci,9370,Hacettepe University
451,Dilek Cadirli,13300,Nigde University
452,Volkan Cagdas,19481,Yildiz Technical University
453,Gultekin Cagil,14815,Sakarya University
454,Kursat Cagiltay,12560,Middle East Technical University
455,Nergiz Ercil Cagiltay,4849,Atilim University
456,Tahir Cagin,657,Texas A&M University
458,M. Fatih Caglar,4004,Suleyman Demirel University
460,Mine Caglar,1551,Koc University
461,Murat Caglar,4835,Ataturk University
462,Bora Caglayan,5403,Bogazici University
464,M. Ufuk Caglayan,5403,Bogazici University
466,Ufuk Gul Caglayan,5403,Bogazici University
469,Naim Cagman,9197,Gaziosmanpasa University
471,Huseyin Cakalli,10870,Istanbul University
472,Celal Cakan,10595,Inonu University Malatya
473,Metin Cakanyildirim,18543,University of Texas Dallas
476,Emre Cakar,17605,University of Hannover
480,Tarik Cakar,14815,Sakarya University
486,Ahmet Cakir,6938,Dokuz Eylul University
488,Bekir Cakir,5297,Bilkent University
489,Fatih Cakir,3592,Karadeniz Technical University
491,Huseyin Cakir,11047,Izmir Institute of Technology
493,Murat Perit Cakir,12560,Middle East Technical University
494,Musa Cakir,19559,University of Yuzuncu
495,Mustafa Cakir,11668,Kocaeli University
497,Ozan Cakir,4610,Ankara University
498,Sen Cakir,6938,Dokuz Eylul University
499,Serdar Cakir,13717,Eskisehir Osmangazi University
504,Ibrahim Cakirlar,7367,Agean University
505,Unal Cakiroglu,3592,Karadeniz Technical University
506,Murat Cakiroglu,14815,Sakarya University
512,Devrim Cakmak,9023,Gazi University
513,Duygu Cakmak,14778,Sabanci University
514,Ergin Cakmak,4578,Anatolia College
515,Fevzi Cakmak,16469,Delft University of Technology
517,Huseyin Kemal Cakmak,2039,Karlsruher Institute of Technology
518,Maya Cakmak,9014,Georgia Institute of Technology
520,Tolga Cakmak,9370,Hacettepe University
521,Ulas Cakmak,9014,Georgia Institute of Technology
522,Mehmet Cakmakci,19481,Yildiz Technical University
524,Ferhat Cakrak,737,University of Pittsburgh
527,Ali Calhan,11668,Kocaeli University
528,Cagdas Calik,12560,Middle East Technical University
531,Sinan Calik,8687,Firat University
532,Gul Calikli,5403,Bogazici University
533,Handan Calikli,5403,Bogazici University
536,Duygu Calisir,10870,Istanbul University
537,Cenk Caliskan,18641,Utah Valley University
538,Erhan Caliskan,9670,Turkish Air Force Academy
540,Mehmet Caliskan,14815,Sakarya University
542,Berk Calli,16469,Delft University of Technology
544,Hasan Cam,4076,Arizona State University
545,Ugur Cam,6938,Dokuz Eylul University
546,M. Kanat Camlibel,14747,University of Groningen
548,Orhan Camoglu,661,University of California Santa Barbara
549,Seyit Ahmet Camtepe,21014,DAI-Labor Ernst-Reuter-Platz
550,A. Yilmaz Camurcu,12351,Marmara University
552,Ibrahim Canak,7367,Agean University
553,Hanifi Canakci,9008,University of Gaziantep
554,Ethem Canakoglu,1551,Koc University
556,I. Cankaya,14815,Sakarya University
560,Abdulkerim Capar,10943,Istanbul Technical University
563,Ismail Capar,657,Texas A&M University
564,Tolga K. Capin,5297,Bilkent University
566,Abdurrahman Carkacioglu,12560,Middle East Technical University
567,Kenan Carki,964,Carnegie Mellon University
570,Cagatay Catal,3029,Marmara Research Center
571,Seval Catal,6938,Dokuz Eylul University
572,Tamer Catalkaya,16460,Technical University of Braunschweig
573,Zehra Cataltepe,10943,Istanbul Technical University
574,Umit V. Catalyurek,13832,Ohio State University
575,Bulent Catay,14778,Sabanci University
576,Burak Catli,14697,Rensselaer Polytechnic Institute
580,Derya Cavdar,5403,Bogazici University
583,Fatih Cavdur,14286,Pennsylvania State University
584,Ozge Cavus,5297,Bilkent University
587,Metin Cavus,19481,Yildiz Technical University
589,Mehmet Ali Cavuslu,9370,Hacettepe University
590,Abdullah Cavusoglu,11334,Karabük University
595,Ulas Caydas,8687,Firat University
598,Yalcin Cebi,6938,Dokuz Eylul University
601,Celal Ceken,11668,Kocaeli University
604,Yalcin Cekic,5000,University of Bahcesehir
606,Erdinc Cekli,10870,Istanbul University
607,Bora Cekyay,1551,Koc University
608,Arben Cela,7742,Groupe Esiee Paris École Supérieure d'Ingénieurs
609,Eranda Cela,3775,Graz University of Technology
614,A. O. Celebi,19465,Yeditepe University
616,Anil Celebi,11668,Kocaeli University
619,Dilay Celebi,10943,Istanbul Technical University
622,Erkan Celebi,14815,Sakarya University
623,Gurbuz Celebi,7367,Agean University
625,Mehmet E. Celebi,10943,Istanbul Technical University
626,Mehmet Ertugrul Celebi,10943,Istanbul Technical University
627,Numan Celebi,10870,Istanbul University
629,Samel Celebi,16955,University of Florida
640,Adem Celik,6938,Dokuz Eylul University
641,Ahmet Celik,6988,Dicle University
643,Buluc Celik,14778,Sabanci University
647,Cenk Celik,11668,Kocaeli University
649,Duygu Celik,20403,Eastern Mediterranean University
650,Ercan Celik,4835,Ataturk University
651,Gokhan Celik,5297,Bilkent University
652,Guner D. Celik,568,Massachusetts Institute of Technology
655,Haldun Celik,6938,Dokuz Eylul University
657,Ibrahim Celik,13920,Pamukkale University
658,Koray Celik,10102,Iowa State University
659,Levent Celik,15085,Selcuk University
660,Pinar Celik,5105,Celal Bayar University
662,Sabri Celik,6375,Columbia University
666,Turgay Celik,1385,Agency for Science Technology and Research Singapore
669,Veli Celik,11596,Kirikkale University
672,Zeynep Celik-Butler,18528,University of Texas Arlington
673,Hande Celikkanat,12560,Middle East Technical University
674,Y. Firat Celikler,7300,East Carolina University
677,Oya Celiktutan,5403,Bogazici University
678,Asli Celikyilmaz,20355,Microsoft
680,Emrah Cem,1551,Koc University
682,Yucel Cenesiz,15085,Selcuk University
684,Salih Cepni,3592,Karadeniz Technical University
687,Erdogan Cesmeli,13832,Ohio State University
690,Omer Cetin,10870,Istanbul University
691,Ovunc Cetin,7367,Agean University
692,Ozdemir Cetin,14815,Sakarya University
693,Ozgur Cetin,566,University of California Berkeley
694,A. Enis Cetin,5297,Bilkent University
695,Atilim Cetin,5297,Bilkent University
698,Bilge Kartal Cetin,4117,Aalborg University
699,Ediz Cetin,18161,University of New South Wales
702,Eyup Cetin,10870,Istanbul University
703,Gorkem Cetin,9344,Gebze Institute of Technology
706,Levent Cetin,4434,Akdeniz University
707,Mujdat Cetin,14778,Sabanci University
709,Meral Cetin,9370,Hacettepe University
710,Murat Cetin,7616,Erzincan University
713,Nihan Cetin Demirel,19481,Yildiz Technical University
717,Yasemin Yardimci,12560,Middle East Technical University
718,Rengul Cetin-Atalay,5297,Bilkent University
720,Gokcen Cetinel,14815,Sakarya University
722,Selim Cetiner,12560,Middle East Technical University
723,Hasan Ertan Cetingul,14253,Princeton University
727,Egemen K. Cetinkaya,1547,University of Kansas
728,Hasan Basri Cetinkaya,11668,Kocaeli University
729,Nurettin Cetinkaya,15085,Selcuk University
730,Sevil Cetinkaya,12730,Mustafa Kemal University
731,Sila Cetinkaya,657,Texas A&M University
732,Ozlem Cetinoglu,14778,Sabanci University
735,Ugur Cetintemel,5465,Brown University
736,Tahsin Cetinyokus,9023,Gazi University
738,Erhan Kenan Ceven,17161,Uludag University
739,A. Alper Cevik,13717,Eskisehir Osmangazi University
740,A. Sinan Cevik,15085,Selcuk University
741,Abdulkadir Cevik,9008,University of Gaziantep
746,Osman Cevik,9197,Gaziosmanpasa University
747,Sezi Cevik Onar,10943,Istanbul Technical University
748,Ulus Cevik,3592,Karadeniz Technical University
749,Vildan Cevik,9197,Gaziosmanpasa University
750,Mehmet Tolga Cezik,17258,Université de Montreal
752,Adem Cicek,17481,Universidade Estadual de Campinas
759,Nihan Kesim Cicekli,12560,Middle East Technical University
761,Gizem Cifci,3501,Galatasaray University
763,Cebrail Ciflikli,7608,Erciyes University
764,Baris Ciftci,18638,University of Tilburg
766,Ozan Nazim Ciftci,9008,University of Gaziantep
773,Cagla Cig,2942,Utrecht University
774,Cevahir Cigla,12560,Middle East Technical University
777,Eren Basar Cil,18222,University of Oregon
782,Ugur Cilingiroglu,19465,Yeditepe University
783,Tolga Ciloglu,12560,Middle East Technical University
784,Ali Ciltik,5403,Bogazici University
787,Hasan Cimen,4447,Afyon Kocatepe University
789,Tayfun Cimen,15196,University of Sheffield
790,Unver Cinar,14778,Sabanci University
792,Ahmet Cinar,8687,Firat University
793,Cengiz Cinar,15085,Selcuk University
794,Didem Cinar,10943,Istanbul Technical University
797,Hatice Cinar,5403,Bogazici University
798,Inan Cinar,15085,Selcuk University
799,M. Oya Cinar,5075,Baskent University
801,Murat Cinar,6927,Depaul University
805,Volkan Cinar,17161,Uludag University
806,Yuce Cinar,5297,Bilkent University
808,Hakan A. Cirpan,10943,Istanbul Technical University
811,Hakan Civi,20354,IBM
812,Pinar Civicioglu,7608,Erciyes University
813,Ali Civril,14697,Rensselaer Polytechnic Institute
814,Buket Cizili,20403,Eastern Mediterranean University
818,Orhan Coban,7608,Erciyes University
819,Ozgur Cobanoglu,1581,European Organization for Nuclear Research CERN
821,Onur Cobanoglu,2303,Istituto Nazionale di Fisica Nucleare
826,Dogan Coker,4434,Akdeniz University
827,Ahmet Naci Coklar,15085,Selcuk University
829,Omer Halil Colak,13717,Eskisehir Osmangazi University
830,Rifat Colak,8687,Firat University
833,Zafer Colakoglu,7367,Agean University
834,Cuneyt Colpan,7608,Erciyes University
835,Emre Comak,15085,Selcuk University
837,Husamettin Coskun,10595,Inonu University Malatya
838,Aysegul Cuhadar,5675,Carleton University
839,Cem Cuhadar,16356,Trakya University
840,Tolga Cukur,566,University of California Berkeley
843,Mehmet Cunkas,15085,Selcuk University
848,Zoltan Egel,3753,Budapest University of Technology and Economics
851,Tamas Elteto,3261,Ericsson
852,Marc Eluard,20593,Technicolor Technology Paris Laboratory
856,Gilles Enee,9313,Université Antilles Guyane
857,Martine Epoque,18329,Université du Quebec Montreal
858,Peter Erdi,11903,Kalamazoo College
859,Zoltan Esik,18521,University of Szeged
861,Jean Ethier,18432,Université de Sherbrooke
862,Jean-Frederic Etienne,1799,Conservatoire National des Arts et Métiers
864,Claude Evequoz,14190,École Polytechnique de Montreal
865,Pierre Evenou,18024,University of Nantes
866,Guillaume Evin,237,Institut National de la Recherche Scientifique
873,Stevan R. Ðordevic,2737,University of Belgrade
875,E. N. M. Nolte 'Hoen,10527,Imperial College London
879,Aytac Ilhan,13881,University of Oxford
883,Iulian Intorsureanu,4772,Academy of Economic Studies Bucharest
885,Venkata Reddy Muppani,10446,Indian Institute of Technology Bombay
888,Ricardo Nanculef,18563,Universidad Técnica Federico Santa María
890,Ramon P. Neco,17228,Universidad Miguel Hernández
894,Colm O'Dunlaing,471,New York University
896,Geza Odor,1302,Central Research Institute of Electrical Power Industry
899,Hildur Olafsdottir,1557,Technical University of Denmark
906,Sigurdur Olafsson,10102,Iowa State University
915,Asmund Ødegard,2455,Simula Research Laboratory
917,Rune Steinsmo Ødegard,13557,Norwegian University of Science & Technology
923,Terje Øfsdahl,13557,Norwegian University of Science & Technology
926,Torvald Øgaard,17069,University of Stavanger
928,Leikny Øgrim,9711,Oslo University College
930,Peter Øhrstrøm,4117,Aalborg University
936,Geir E. Øien,13557,Norwegian University of Science & Technology
939,Tor Arne Øigard,17078,University of Tromso
940,Eivor Øines,13557,Norwegian University of Science & Technology
948,Jon Ølnes,20831,DNV Research
950,Peter Ørbæk,4867,Aarhus University
951,Kjetil Ørbekk,13557,Norwegian University of Science & Technology
954,Trond Are Øritsland,13557,Norwegian University of Science & Technology
956,Stein Ørn,17069,University of Stavanger
957,Rikke Orngreen,7096,Danish University of Education
959,Torben F. Ørntoft,4867,Aarhus University
965,Arne Øslebø,2437,Sintef Foundation for Scientific and Industrial Research at the Norwegian Institute of Technology
967,Ivar Østby,17201,Norwegian University of Life Sciences
969,Joar M. Østby,8903,Fudan University
970,Lene T. Østby,20754,N Clark St
982,Ole Østerby,4867,Aarhus University
983,Kasper Østerbye,10941,IT University of Copenhagen
988,Esben Hallundbæk Østergaard,4001,University of Southern Denmark
989,Jacob Østergaard,1557,Technical University of Denmark
990,Jan Østergaard,4117,Aalborg University
991,Lasse Riis Østergaard,4117,Aalborg University
992,Leif Østergaard,4867,Aarhus University
994,Thomas Østerlie,13557,Norwegian University of Science & Technology
995,Carsten S. Østerlund,15979,Syracuse University
998,Egil C. Østhus,13557,Norwegian University of Science & Technology
1002,Bjarte M. Østvold,2442,Norwegian Computing Center
1003,Ingjald Øverbø,13557,Norwegian University of Science & Technology
1005,Harald Øverby,13557,Norwegian University of Science & Technology
1006,Kjell Ivar Øvergard,13557,Norwegian University of Science & Technology
1009,Lasse Øverlier,9686,Gjovik University College
1012,Lilja Øvrelid,2460,University of Oslo
1013,Bernt Olav Øvstebø,13557,Norwegian University of Science & Technology
1015,Knut Øvsthus,9679,Bergen University College
1020,Leiv Øyehaug,17201,Norwegian University of Life Sciences
1021,Bernt-Havard Øyen,2464,Norwegian Forest and Landscape Institute
1029,Anders Oberg,2943,Uppsala University
1030,Johnny Oberg,11778,Royal Institute of Technology
1035,Martin Oberg,17279,Umea University
1036,Mats Oberg,21466,Marvell Semiconductor
1037,Sven Oberg,3453,Lulea University of Technology
1041,Ahmet Ali Ocal,9023,Gazi University
1042,Ozkan Ocalan,4447,Afyon Kocatepe University
1048,Cenker Oden,5403,Bogazici University
1050,Per Odling,12197,Lund University Lund Institute of Technology
1051,Anders Odmark,2969,Linköping University
1053,Hans Ofverbeck,12197,Lund University Lund Institute of Technology
1054,Sule Gunduz Oguducu,10943,Istanbul Technical University
1056,Fatih Ogut,7367,Agean University
1057,Hulisi Ogut,7839,Tobb University of Economics and Technology
1059,Ibrahim Ferid Oge,12560,Middle East Technical University
1061,H. Ogmen,17020,University of Houston
1062,Haluk Ogmen,17020,University of Houston
1065,M. Ogren,18327,University of Queensland
1067,Petter Ogren,3565,Karolinska Institute
1068,Arif Selcuk Ogrenci,5403,Bogazici University
1070,Annika Ohgren,9746,Jonkoping University
1072,Martin Ohler,17623,Technical University of Kaiserslautern
1073,Philipp Ohler,20530,University of Paderborn
1079,Bengt Ohman,12197,Lund University Lund Institute of Technology
1081,Christina Ohman,17455,Università di Bologna
1085,Lars-Daniel Ohman,17279,Umea University
1087,Marie Ohman,2747,Stockholm University
1088,Matti Ohman,4104,Aalto University
1089,Peter Ohman,6059,Chalmers University of Technology
1093,Sabine R. Ohring,9904,University of North Texas
1104,Gulay Oke,10943,Istanbul Technical University
1105,Can Okmen,2172,Johann Wolfgang Goethe-University Frankfurt
1106,Andras Okros,3753,Budapest University of Technology and Economics
1107,Ozcan Oksuz,5297,Bilkent University
1111,Hakan Oksuzoglu,2942,Utrecht University
1113,Hakan Oktem,12560,Middle East Technical University
1114,Levent Oktem,16509,Tampere University of Technology
1117,Rusen Oktem,5297,Bilkent University
1119,Giray Okten,487,Florida State University
1120,Peter Okvist,3261,Ericsson
1121,A. I. Olcer,19127,World Maritime University
1124,Sedat Olcer,20354,IBM
1125,Semih M. Olcmen,16543,University of Alabama
1133,Sinem Olmez,19443,Yasar University
1134,Tamer Olmez,10943,Istanbul Technical University
1136,George Olund,3565,Karolinska Institute
1138,Johan Olvander,2969,Linköping University
1139,Peter Csaba Olveczky,2460,University of Oslo
1142,Christina Olvingson,2969,Linköping University
1143,Vasfi Emre Omurlu,19481,Yildiz Technical University
1147,Bernhard Omer,16513,Vienna University of Technology
1151,Semih Onut,19481,Yildiz Technical University
1152,Cagdas D. Onal,568,Massachusetts Institute of Technology
1154,Ata Onal,7367,Agean University
1156,Hayri Onal,687,University of Illinois Urbana Champaign
1159,Okan Onal,6938,Dokuz Eylul University
1162,Ahmet Oncu,1311,University of Tokyo
1165,Temel Oncan,3501,Galatasaray University
1166,Cetin Onder,5075,Baskent University
1168,Fatih Onder,6938,Dokuz Eylul University
1170,Kamil Onder,14127,Paracelsus Medizinischen Privatuniversität
1174,Soner Onder,12933,Michigan Technological University
1179,Erol Onen,10870,Istanbul University
1180,Melek Onen,7866,EURECOM Ecole d’Ingénieurs et Centre de Recherche en Télécommunications
1183,Adalet Oner,19443,Yasar University
1185,Ayse Ozturk Oner,7608,Erciyes University
1186,Diler Oner,5403,Bogazici University
1187,Koray Oner,12146,University of Louisiana at Lafayette
1190,Menguc Oner,10822,Isik University
1192,Yuksel Oner,13771,Ondokuz Mayis University
1196,N. Ozben Onhon,14778,Sabanci University
1197,Dilek Onkal-Atay,5297,Bilkent University
1198,Guleda Onkal-Engin,9344,Gebze Institute of Technology
1205,Z. Ilsen Onsan,5403,Bogazici University
1206,Jenny Onskog,17279,Umea University
1209,Ibrahim H. Onyuksel,13349,Northern Illinois University
1210,Andres Opik,16446,Tallin Technological University
1211,Gustav Oquist,3565,Karolinska Institute
1215,Rafael Ordog,7429,Eotvos Lorand University (University of Budapest)
1218,Tuncer I. Oren,18226,University of Ottawa
1219,Bulent Orencik,10943,Istanbul Technical University
1220,Cengiz Orencik,14778,Sabanci University
1221,H. Hasan Orkcu,9023,Gazi University
1222,Mediha Orkcu,9023,Gazi University
1225,Hakan Orman,2969,Linköping University
1227,E. Lerzan Ormeci,1551,Koc University
1228,Necati Ormeci,4610,Ankara University
1231,Arslan M. Ornek,10968,Izmir University of Economics
1232,Siddika Berna Ors Yalcin,845,University of Arizona
1233,Tolga Ors,15837,University of Surrey
1237,Birant Orten,5533,Boston University
1239,Roland Ortengren,6059,Chalmers University of Technology
1240,Urban Orthberg,2747,Stockholm University
1245,Lars-Goran Ost,2747,Stockholm University
1250,Olov Ostberg,12708,Mid-Sweden University
1254,Jorgen Ostensson,2943,Uppsala University
1255,Anne-Marie Oster,20534,Intel Corporation
1259,Mats Osterberg,4104,Aalto University
1260,Patrik Osterberg,12708,Mid-Sweden University
1263,Patric R. J. Ostergard,4104,Aalto University
1264,L. Ostergaard,4867,Aarhus University
1265,Karin Ostergren,12203,Lund University
1268,Hubert Osterle,17831,Universität Saint Gallen
1269,Fredrik Osterlind,2935,Swedish Institute of Computer Science
1274,Jonny Osterman,11778,Royal Institute of Technology
1275,Ralf Ostermark,4140,Abo Akademi University
1282,Anna Pagh,10941,IT University of Copenhagen
1287,Mikael Ostling,11778,Royal Institute of Technology
1291,Christian Ostlund,15430,Swedish University of Agricultural Sciences
1294,Johan Ostlund,2943,Uppsala University
1296,Nils Ostlund,17279,Umea University
1299,Fredrik Ostman,4140,Abo Akademi University
1300,Jenny Ostman,4140,Abo Akademi University
1303,Ake Ostmark,3453,Lulea University of Technology
1306,Thomas Ostreicher,16513,Vienna University of Technology
1307,Gal Oestreicher-Singer,471,New York University
1309,Sven A. M. Ostring,3120,University of Cambridge
1311,M. Volkan Otugen,14188,Polytechnic University of New York
1313,Remzi Oten,16759,University of California Irvine
1319,Ferenc Otvos,18521,University of Szeged
1321,Gunnar Overgaard,11778,Royal Institute of Technology
1324,Viktor Owall,12203,Lund University
1327,H. R. Oz,8379,Fatih University
1331,Emin Ozcag,9370,Hacettepe University
1333,K. Ozcaldiran,5403,Bogazici University
1334,Hasan Riza Ozcalik,11765,Kahramanmaras Sutcu Imam University
1335,Tanir Ozcelebi,4012,Eindhoven University of Technology
1337,Babur Ozcelik,9344,Gebze Institute of Technology
1339,Erol Ozcelik,4849,Atilim University
1340,Ibrahim Ozcelik,14815,Sakarya University
1341,Ilker Ozcelik,6253,Clemson University
1346,Ayca Ozcelikkale,5297,Bilkent University
1348,Akin Ozcift,9008,University of Gaziantep
1349,Sureyya Ozogur-Akyuz,5000,University of Bahcesehir
1350,Ismail Hakki Ozolcer,11335,Zonguldak Karaelmas University
1353,Tugba Ozacar,7367,Agean University
1354,Hakan Ozadam,12560,Middle East Technical University
1356,Arif Ozakca,20403,Eastern Mediterranean University
1358,Muzaffer Ozakca,9008,University of Gaziantep
1359,Hakan Ozaktas,20403,Eastern Mediterranean University
1360,Haldun M. Ozaktas,5297,Bilkent University
1362,Erhan Ozalevli,20706,Texas Instruments Inc.
1364,Mehmet Ozalp,5093,Batman University
1365,Nuri Ozalp,4610,Ankara University
1366,Selma Ayse Ozalp,17161,Uludag University
1368,Mert Ozarar,12560,Middle East Technical University
1369,Evren Ozarslan,351,National Institutes of Health United States
1371,M. Ali Ozarslan,20403,Eastern Mediterranean University
1375,Mete Ozay,14253,Princeton University
1377,Murad Ozaydin,13856,University of Oklahoma
1380,Murad Ozaydm,13856,University of Oklahoma
1381,Lale Ozbakir,7608,Erciyes University
1382,Gozde Ozbal,12560,Middle East Technical University
1383,Ahmet Yasar Ozban,4849,Atilim University
1387,Bilge Ozbay,11668,Kocaeli University
1389,Ekmel Ozbay,5297,Bilkent University
1390,Erdogan Ozbay,9008,University of Gaziantep
1391,Erkut Yusuf Ozbay,710,University of Maryland
1392,Hitay Ozbay,5297,Bilkent University
1393,Nuri Ozbay,4578,Anatolia College
1395,Yuksel Ozbay,15085,Selcuk University
1396,A. Murat Ozbayoglu,7839,Tobb University of Economics and Technology
1398,Mustafa Ozbayrak,10870,Istanbul University
1400,Berna Ozbek,11047,Izmir Institute of Technology
1402,I. Yucel Ozbek,4835,Ataturk University
1404,Levent Ozbek,4610,Ankara University
1405,M. Erdal Ozbek,11052,Izmir University
1411,Nukhet Ozbek,19443,Yasar University
1412,Christopher Oezbek,2135,Free University of Berlin
1414,A. Ozbekler,4849,Atilim University
1415,Metin Mete Ozbilen,12535,University of Mersin
1416,Hatice Ozbilge,7608,Erciyes University
1418,Elif Kurtaran Ozbudak,3026,Tubitak Scientific and Technical Research Council of Turkey
1419,Ferruh Ozbudak,12560,Middle East Technical University
1421,Ali Erdem Ozcan,4578,Anatolia College
1423,Alpay Ozcan,19321,Washington University in St. Louis
1425,Cengiz Ozcan,17605,University of Hannover
1428,Ender Ozcan,13484,University of Nottingham
1429,Erkcan Ozcan,3157,University College London
1430,Fatih Ozcan,13300,Nigde University
1431,Fatma Ozcan,20354,IBM
1434,Mahmut Ozcan,14778,Sabanci University
1435,Mehmet B. Ozcan,15260,Sheffield Hallam University
1437,Meric Ozcan,14778,Sabanci University
1440,Metehan Ozcan,14778,Sabanci University
1442,Oguzhan Ozcan,1551,Koc University
1444,Onur Ozcan,964,Carnegie Mellon University
1446,Sadri Ozcan,10943,Istanbul Technical University
1447,Sel Ozcan,19443,Yasar University
1450,Tuncay Ozcan,10870,Istanbul University
1451,Ugur Ozcan,15085,Selcuk University
1452,Mehmet Hilal Ozcanhan,6938,Dokuz Eylul University
1453,Ozge Can Ozcanli,5465,Brown University
1457,Ahmet Turan Ozcerit,14815,Sakarya University
1461,Guzin Ozdagoglu,6938,Dokuz Eylul University
1462,Ozcan Ozdamar,12611,University of Miami
1463,Linet Ozdamar,19465,Yeditepe University
1464,Burak Ozdaryal,666,Virginia Polytechnic Institute and State University
1467,Ozcan Ozdemir,17161,Uludag University
1468,Ozgur Ozdemir,19559,University of Yuzuncu
1473,Ahmet Kemal Ozdemir,5297,Bilkent University
1474,Bahadir Ozdemir,5297,Bilkent University
1478,Deniz Ozdemir,6938,Dokuz Eylul University
1481,Engin Ozdemir,12730,Mustafa Kemal University
1484,Hakan Ozdemir,6938,Dokuz Eylul University
1485,Halim Ozdemir,14815,Sakarya University
1488,Ismet Ozdemir,10595,Inonu University Malatya
1489,Kadir Ozdemir,6840,Dalhousie University
1490,Kurtulus Ozdemir,15085,Selcuk University
1491,M. Ozdemir,4434,Akdeniz University
1492,Mujgan Sagir Ozdemir,13717,Eskisehir Osmangazi University
1494,M. Emin Ozdemir,4835,Ataturk University
1495,Mehmet Kemal Ozdemir,7608,Erciyes University
1497,Murat Ozdemir,4835,Ataturk University
1499,Mustafa Bahadir Ozdemir,9023,Gazi University
1500,Mutlu Ozdemir,9344,Gebze Institute of Technology
1501,Necati Ozdemir,5014,Balikesir University
1502,Rifat Gurcan Ozdemir,10464,Istanbul Kultur University
1507,Suat Ozdemir,9023,Gazi University
1511,Zafer D. Ozdemir,13881,University of Oxford
1512,Fahrettin Ozdemirci,4610,Ankara University
1514,Nur Evin Ozdemirel,12560,Middle East Technical University
1515,Banu Ozden,3249,Bell Labs (Lucent Technologies Inc.)
1517,Gurkan Ozden,6938,Dokuz Eylul University
1518,Hacer Ozden,17161,Uludag University
1521,Nesrin Ozdener,12351,Marmara University
1522,A. Ozdes,10595,Inonu University Malatya
1523,Ozer Ozdikis,12560,Middle East Technical University
1524,Mehmet Ali Ozdil,12560,Middle East Technical University
1526,Cem Ozdogan,5658,Cankaya University
1532,Yvonne Hultman Ozek,12203,Lund University
1533,Suleyman Ozekici,1551,Koc University
1534,Bulent Ozel,5296,Istanbul Bilgi University
1537,Cengiz Ozel,4004,Suleyman Demirel University
1540,Mustafa Ozel,16468,Darmstadt University of Technology
1541,Nevzat Ozel,4610,Ankara University
1542,Pinar Ozel,5403,Bogazici University
1543,Selma Ayse Ozel,6660,Cukurova University
1547,Ertunga C. Ozelkan,17334,University of North Carolina Charlotte
1549,Ali Ozen,7608,Erciyes University
1551,Figen Ozen,9390,Halic University
1555,Mehmet Ozen,14815,Sakarya University
1557,Mustafa Ozan Ozen,6059,Chalmers University of Technology
1558,Onur Ozen,7588,École Polytechnique Fédérale de Lausanne
1559,Sukru Ozen,4434,Akdeniz University
1560,Serdar Ozen,6988,Dicle University
1562,Ulas Ozen,3250,Alcatel-Lucent Bell Labs
1565,Omer Faruk Ozer,6253,Clemson University
1566,Ozalp Ozer,18543,University of Texas Dallas
1567,A. Ozkan Ozer,10943,Istanbul Technical University
1568,Abdullah Ozer,9259,Gyeongsang National University
1569,Ali Haydar Ozer,5403,Bogazici University
1570,Emre Ozer,3120,University of Cambridge
1572,Hamza Ozer,5403,Bogazici University
1574,Mehmet Ozer,10464,Istanbul Kultur University
1575,Mehmet Naci Ozer,13717,Eskisehir Osmangazi University
1578,Saadet Ozer,19465,Yeditepe University
1579,Sebnem Z. Ozer,13361,New Jersey Institute of Technology
1582,Sibel Ozer,10595,Inonu University Malatya
1583,Teoman Ozer,10943,Istanbul Technical University
1584,Zafer Ozer,12535,University of Mersin
1585,Mehmet Sirac Ozerdem,6988,Dicle University
1586,Atilla Ozerdim,7367,Agean University
1588,Uygar Ozesmi,7608,Erciyes University
1589,M. Gokhan Ozevin,13470,Northwestern University
1590,Pinar Mizrak Ozfirat,5105,Celal Bayar University
1592,Tamay M. Ozgokmen,12611,University of Miami
1593,Murat Ozgoren,6938,Dokuz Eylul University
1595,Bulent Ozguc,5297,Bilkent University
1596,Baris Ozgul,16063,University of Dublin Trinity College
1598,A. Bulent Ozguler,5297,Bilkent University
1600,Numan Ozgun,18578,University of Texas Medical Branch Galveston
1602,Emre Ozgunduz,19481,Yildiz Technical University
1603,Umit Ozguner,13832,Ohio State University
1604,Fusun Ozguner,13832,Ohio State University
1605,Umit Ozgur,18706,Virginia Commonwealth University
1606,Arzucan Ozgur,17233,University of Michigan
1607,Ayfer Ozgur,7588,École Polytechnique Fédérale de Lausanne
1610,Levent Ozgur,5403,Bogazici University
1618,Ercan Ozgan,7156,Duzce University
1619,A. Yonca Ozge,19084,University of Wisconsin Madison
1621,Arif Tuna Ozgelen,5775,City University of New York
1622,Arzum Ozgen,13734,Okan University
1623,Canan Ozgen,12560,Middle East Technical University
1626,Mehmet Tankut Ozgen,4578,Anatolia College
1627,Mehmet Ozger,657,Texas A&M University
1630,Attila Ozgit,12560,Middle East Technical University
1632,Erdal Ozhan,12560,Middle East Technical University
1633,Gokhan Ozhan,12560,Middle East Technical University
1635,Mesut Ozhan,16458,Technical University of Berlin
1638,Turgut Ozis,7367,Agean University
1639,Berkin Ozisikyilmaz,13470,Northwestern University
1641,Lale Ozkahya,10102,Iowa State University
1643,Burak Ozkalayci,12560,Middle East Technical University
1644,Celal Ozkale,11668,Kocaeli University
1647,Ozgur Ozkan,14188,Polytechnic University of New York
1650,Oznur Ozkan,5075,Baskent University
1651,Ali Osman Ozkan,15085,Selcuk University
1652,Baris Ozkan,12560,Middle East Technical University
1653,Betul Ozkan,19481,Yildiz Technical University
1655,Coskun Ozkan,11668,Kocaeli University
1656,Emre Ozkan,2969,Linköping University
1661,Gulay Ozkan,4610,Ankara University
1664,H. Esra Ozkan,10464,Istanbul Kultur University
1665,Hanife Apaydin Ozkan,4578,Anatolia College
1667,Kemal Ozkan,13717,Eskisehir Osmangazi University
1668,Koray O. Ozkan,12560,Middle East Technical University
1670,Mehmed Ozkan,5403,Bogazici University
1672,Mehmet K. Ozkan,1551,Koc University
1674,Ozan Ozkan,15085,Selcuk University
1676,Sevgi Ozkan,12560,Middle East Technical University
1677,Sibel Ozkan,12933,Michigan Technological University
1678,Umut Mutlu Ozkan,4447,Afyon Kocatepe University
1682,Mine Ozkar,12560,Middle East Technical University
1683,Huseyin Ozkaramanli,12560,Middle East Technical University
1684,Oznur Ozkasap,1551,Koc University
1685,Ozen Ozkaya,10943,Istanbul Technical University
1686,Ata Ozkaya,3501,Galatasaray University
1688,Bestamin Ozkaya,16509,Tampere University of Technology
1690,Necla Ozkaya,7608,Erciyes University
1693,Ali Gurcan Ozkil,1557,Technical University of Denmark
1696,Kerem Can Ozkisacik,5403,Bogazici University
1697,Arzu Ozkoc,17161,Uludag University
1698,Albert Ozkohen,5403,Bogazici University
1700,Ibrahim Ozkol,10943,Istanbul Technical University
1702,Nezih Ergin Ozkucur,5403,Bogazici University
1703,Eray Ozkural,5297,Bilkent University
1704,Ahmet Ozkurt,6938,Dokuz Eylul University
1705,Nalan Ozkurt,6938,Dokuz Eylul University
1706,Tolga Esat Ozkurt,12560,Middle East Technical University
1709,Ozgur Ozluk,15151,San Francisco State University
1711,Melih Ozlen,14641,RMIT University
1712,Muge Ozman,20676,Institute TELECOM SudParis
1716,Ahmet Ozmen,15085,Selcuk University
1722,Haluk Ozmen,3592,Karadeniz Technical University
1724,Nurhan Gursel Ozmen,3592,Karadeniz Technical University
1729,Serdar Ozoguz,10943,Istanbul Technical University
1730,Ahmet Fahri Ozok,10943,Istanbul Technical University
1732,Ozgur Ozpeynirci,10968,Izmir University of Economics
1733,Selin Ozpeynirci,10968,Izmir University of Economics
1737,Ebru Ozpolat,12560,Middle East Technical University
1740,M. Yasin Ozsaglam,15085,Selcuk University
1741,A. Tuncay Ozsahin,7608,Erciyes University
1743,Ozgur Ozsen,4578,Anatolia College
1745,Seral Ozsen,15085,Selcuk University
1746,Yasemine Ozsen,20354,IBM
1748,A. Sumru Ozsoy,5403,Bogazici University
1749,Can Ozsoy,10943,Istanbul Technical University
1750,F. Aykut Ozsoy,17130,Université Libre de Bruxelles
1754,Gultekin Ozsoyoglu,5690,Case Western Reserve University
1755,Z. Meral Ozsoyoglu,5690,Case Western Reserve University
1756,M. Tamer Ozsu,9225,University of Waterloo
1757,Ovunc Ozturk,5105,Celal Bayar University
1758,Ozgurol Ozturk,3501,Galatasaray University
1759,Ozlem Ozturk,6938,Dokuz Eylul University
1760,Ahmet Ozturk,10943,Istanbul Technical University
1763,Atakan Ozturk,4752,Artvin Çoruh University
1764,Aydin Ozturk,9344,Gebze Institute of Technology
1767,Erdinc Ozturk,19154,Worcester Polytechnic Institute
1769,Ertan Ozturk,11335,Zonguldak Karaelmas University
1772,Ferruh Ozturk,17161,Uludag University
1773,Fikri Ozturk,17161,Uludag University
1774,Gizem Ozturk,12560,Middle East Technical University
1779,Mahmut Ozturk,10870,Istanbul University
1781,Mehmet Ali Ozturk,6725,Cumhuriyet University
1783,Meltem Ozturk,1807,Paris Dauphine University
1784,Metin Ozturk,17161,Uludag University
1786,Nursel Ozturk,17161,Uludag University
1789,Pinar Ozturk,13557,Norwegian University of Science & Technology
1790,R. Elif Ozturk,15085,Selcuk University
1792,Semra Ozturk,11668,Kocaeli University
1793,Serdar Ozturk,11047,Izmir Institute of Technology
1794,Serkan Ozturk,7608,Erciyes University
1795,Sitki Ozturk,4610,Ankara University
1797,Veysi Ozturk,5452,University of Brighton
1799,Yusuf Ozturk,11036,San Diego State University
1801,Can Ozturkeri,11450,University of Kent
1804,Hakan Oztarak,21408,Defense Systems Technologies
1805,Ahmet Oztas,9008,University of Gaziantep
1807,Evren Oztas,10870,Istanbul University
1808,Basar Oztaysi,10943,Istanbul Technical University
1811,Kaan Oztekin,12560,Middle East Technical University
1813,Ercan Oztemel,3029,Marmara Research Center
1815,Umut Oztok,14778,Sabanci University
1816,Erhan Oztop,1262,Advanced Telecommunications Research Institute International
1817,Hakan F. Oztop,8687,Firat University
1819,Figen Oztoprak,14778,Sabanci University
1820,Sibel Oztuna,7367,Agean University
1824,Can C. Ozturan,5403,Bogazici University
1825,Harun Ozturgut,9906,Hochschule Coburg
1826,Ozcan Ozturk,5297,Bilkent University
1830,Timucin Ozugur,9014,Georgia Institute of Technology
1831,Mustafa Ozuysal,7588,École Polytechnique Fédérale de Lausanne
1832,A. Ozvan,19559,University of Yuzuncu
1834,Cuneyt M. Ozveren,568,Massachusetts Institute of Technology
1838,Asli Ozyurek,14738,Radboud University Nijmegen
1840,Sibel Tariyan Ozyer,5658,Cankaya University
1841,Tansel Ozyer,7839,Tobb University of Economics and Technology
1842,Lale Ozyilmaz,19481,Yildiz Technical University
1843,Ozcan Ozyurt,3592,Karadeniz Technical University
1847,Ibrahim Burak Ozyurt,775,University of California San Diego
1848,Jale Ozyurt,17728,Carl Von Ossietzky University of Oldenburg
1850,Serdar Ozyurt,18543,University of Texas Dallas
1854,Shlomo Shamai,16088,Technion Israel Institute of Technology
1857,David Ubeda,17228,Universidad Miguel Hernández
1858,Manuel Ubeda-Flores,16585,Universidad de Almería
1860,Henning Ulfarsson,14736,Reykjavik University
1863,Gokturk Ucoluk,12560,Middle East Technical University
1866,Christian Uberall,6201,City University London
1870,Christoph W. Ueberhuber,16513,Vienna University of Technology
1871,Karl Uberla,17706,Ludwig Maximilian University of Munich
1873,Falk Uebernickel,17831,Universität Saint Gallen
1875,Elif Derya Ubeyli,7839,Tobb University of Economics and Technology
1876,Mustafa Ubeyli,7839,Tobb University of Economics and Technology
1880,Burc Ulengin,10943,Istanbul Technical University
1881,Fusun Ulengin,7055,Dogus University
1883,Kutlu O. Ulgen,5403,Bogazici University
1884,Onur M. Ulgen,17233,University of Michigan
1894,Ozgur Ulker,13484,University of Nottingham
1896,Erkan Ulker,15085,Selcuk University
1897,Yener Ulker,10943,Istanbul Technical University
1903,A. Tamer Unal,5403,Bogazici University
1904,Adem Unal,19481,Yildiz Technical University
1905,Alitamer Unal,5403,Bogazici University
1906,Aykut Unal,5297,Bilkent University
1908,B. Sayrac Unal,8379,Fatih University
1909,Basri Unal,4610,Ankara University
1910,Burhan Unal,7608,Erciyes University
1913,Erdem Unal,18400,University of Southern California
1914,Gozde B. Unal,14778,Sabanci University
1917,Hakki Ulas Unal,4578,Anatolia College
1918,Mehmet Unal,19481,Yildiz Technical University
1923,Serap Unal,6660,Cukurova University
1925,V. U. Unal,19465,Yeditepe University
1926,Yurdagul Unal,15085,Selcuk University
1928,Ozgur Unalan,17623,Technical University of Kaiserslautern
1929,Demet Unalan,7608,Erciyes University
1930,Murat Osman Unalir,7367,Agean University
1931,Devrim Unay,5000,University of Bahcesehir
1934,Gokhan Unel,16759,University of California Irvine
1935,Gulay Unel,1581,European Organization for Nuclear Research CERN
1936,H. Can Unen,10943,Istanbul Technical University
1939,Murat Uney,14778,Sabanci University
1940,Alper Ungor,16955,University of Florida
1941,Abdulhakim Unlu,14778,Sabanci University
1942,Ali Unlu,16745,University of Central Florida
1943,Atilla Unlu,2172,Johann Wolfgang Goethe-University Frankfurt
1946,M. Selim Unlu,5533,Boston University
1948,Y. Unlu,6660,Cukurova University
1949,Yasin Unlu,16608,University of Arkansas Fayetteville
1950,U. Unluakin,5403,Bogazici University
1953,Asli Unlusoy,2942,Utrecht University
1954,Tonguc Unluyurt,14778,Sabanci University
1957,Abdurrahman Unsal,7143,Dumlupinar University
1960,Cem Unsal,964,Carnegie Mellon University
1961,Osman S. Unsal,2859,Barcelona Supercomputing Center Centro Nacional de Supercomputación
1962,Cem Unsalan,19465,Yeditepe University
1964,Hakki Ozgur Unver,7839,Tobb University of Economics and Technology
1968,Zafer Unver,12560,Middle East Technical University
1969,Ahmet Unveren,20403,Eastern Mediterranean University
1972,Hakan Urey,1551,Koc University
1974,Asli Urguplu,1692,UMR8022 Laboratoire d'Informatique Fondamentale de Lille
1976,Abdullah Urkmez,15085,Selcuk University
1979,Suzan Uskudarli,2426,University of Amsterdam
1983,Seydi Vakkas Ustun,4243,Adiyaman University
1985,Alp Ustundag,10943,Istanbul Technical University
1991,Deniz Ustebay,212,McGill University
1992,Halit Uster,657,Texas A&M University
1993,Ilker Ustoglu,19481,Yildiz Technical University
1994,Bora Uzum,9344,Gebze Institute of Technology
1995,Mehmet Uzumcu,2390,Leiden University
2038,Abu Khari A'Ain,3965,Universiti Teknologi Malaysia
2041,A. A'Campo-Neuen,17629,University of Konstanz
2042,Sinan Can Acan,12560,Middle East Technical University
2043,Guray Acar,15837,University of Surrey
2045,Omer F. Acikel,13415,New Mexico State University
2047,Mehmet Acikgoz,9008,University of Gaziantep
2049,Behcet Acikmese,377,National Aeronautics and Space Administration United States
2050,Jesus Aisa,2931,Universidad de Zaragoza
2056,Marc Aid,1629,Atomic Energy Commission
2061,Meziane Aider,18503,Université des Sciences et de la Technologie Houari Boumediene
2063,Christine Aidonidis,22630,Center of Information Technology
2065,Antoine Aiello,1963,Max Planck Gesellschaft
2066,Tahar Aifa,1932,University of Rennes 1
2067,Esma Aimeur,17258,Université de Montreal
2069,Sonia Aissa,236,Institut National de Recherche et de Sécurité
2070,Abdeldjalil Aissa-El-Bey,3259,Fujitsu Limited
2071,Amar Aissani,18062,Université Abou Bekr Belkaid Tlemcen
2072,Djamil Aissani,18062,Université Abou Bekr Belkaid Tlemcen
2075,Ali Ait-Bachir,1636,Institut Informatique et Mathématiques Appliquées de Grenoble
2076,Houria Ait-Djafer,9191,Goldsmiths College University of London
2077,Hassan Ait-Kaci,15154,Simon Fraser University
2080,Idir Ait-Sadoune,7556,École Nationale Supérieure de Mécanique et d'Aerotechnique
2085,Ali Aitelhadj,18062,Université Abou Bekr Belkaid Tlemcen
2086,Abdelwahab Aitouche,958,Hautes Études d'Ingénieurs
2091,Rowena Anonuevo,13832,Ohio State University
2094,Christian Aßmann,17438,University of Bamberg
2096,Claus Aßmann,2070,Physikalisch-Technische Bundesanstalt
2103,Uwe Aßmann,3874,Dresden University of Technology
2112,L. T. J. van der Aa,16469,Delft University of Technology
2119,John Aach,446,Harvard University
2120,Maroun Aad,11966,Lebanese American University
2122,Karthik V. Aadithya,566,University of California Berkeley
2123,Ivan Aaen,4117,Aalborg University
2128,Louise Aagaard,3285,Aarhus School of Architecture
2129,Michael Aagaard,4117,Aalborg University
2131,Hans Aagard,14369,Purdue University
2133,Harald Aagedal,2039,Karlsruher Institute of Technology
2134,Finn Arve Aagesen,13557,Norwegian University of Science & Technology
2136,Mark Aakhus,14761,Rutgers The State University of New Jersey
2138,Agot Aakra,17201,Norwegian University of Life Sciences
2148,Robert J. Aalberts,18095,University of Nevada las Vegas
2150,Stefanie Aalburg,3264,Siemens
2151,Henri Aalders,11803,Catholic University of Leuven
2152,Maurice C. G. Aalders,2426,University of Amsterdam
2156,Jan Aalmink,17728,Carl Von Ossietzky University of Oldenburg
2157,V. Aalo,8385,Florida Atlantic University
2158,Mohammed Aalsalem,11078,Jazan University
2162,J. W. van Aalst,16469,Delft University of Technology
2165,Tapani Aaltio,4104,Aalto University
2166,Aleksi Aalto,4104,Aalto University
2167,Annikka Aalto,10498,Institute of Mathematics
2172,Lauri Aalto,13867,University of Oulu
2177,Timo Aalto,18530,University of Tampere
2179,Katriina Aalto-Setala,18530,University of Tampere
2180,Aleksi Aaltonen,12174,London School of Economics and Political Science
2182,Iina Aaltonen,1586,Technical Research Centre of Finland
2184,Lasse Aaltonen,4104,Aalto University
2186,Olli Aaltonen,1599,University of Helsinki
2187,Timo Aaltonen,700,Nokia Research Center
2188,Sverre Aam,16754,University of Chicago
2189,Bahar Aameri,16371,University of Toronto
2192,Ole Morten Aamo,13557,Norwegian University of Science & Technology
